CondUnitBaaNDataID,CondUnitModelID,CompressorHP,CondType,CondTypeDesc,AppTempDesc,RefType,RefTypeDesc,AWEFPassOrFail,AWEFRating
1,1,10,0,Standard,M,S,R404A,PASS,8.856
2,2,15,0,Standard,M,S,R404A,PASS,8.472
3,3,20,0,Standard,M,S,R404A,PASS,8.39
4,4,25,0,Standard,M,S,R404A,PASS,9.054
5,5,30,0,Standard,M,S,R404A,PASS,8.792
6,6,35,0,Standard,M,S,R404A,PASS,8.924
7,7,40,0,Standard,M,S,R404A,PASS,8.402
8,16,10,1,Oversized,M,S,R404A,PASS,8.637
9,17,15,1,Oversized,M,S,R404A,PASS,8.921
10,18,20,1,Oversized,M,S,R404A,PASS,9.013
11,19,25,1,Oversized,M,S,R404A,PASS,9.229
12,20,30,1,Oversized,M,S,R404A,PASS,8.936
13,21,35,1,Oversized,M,S,R404A,PASS,9.07
14,22,40,1,Oversized,M,S,R404A,PASS,8.892
15,31,10,2,Title 24 Compliant,M,S,R404A,PASS,9.128
16,32,15,2,Title 24 Compliant,M,S,R404A,PASS,9.091
17,33,20,2,Title 24 Compliant,M,S,R404A,PASS,9.266
18,34,25,2,Title 24 Compliant,M,S,R404A,PASS,9.33
19,35,30,2,Title 24 Compliant,M,S,R404A,PASS,8.907
20,36,35,2,Title 24 Compliant,M,S,R404A,PASS,9.186
21,43,10,0,Standard,M,S,R404A,PASS,8.489
22,44,15,0,Standard,M,S,R404A,PASS,8.392
23,45,20,0,Standard,M,S,R404A,PASS,8.317
24,46,25,0,Standard,M,S,R404A,PASS,8.586
25,47,30,0,Standard,M,S,R404A,PASS,8.387
26,48,35,0,Standard,M,S,R404A,PASS,8.605
27,49,40,0,Standard,M,S,R404A,PASS,8.149
28,58,10,1,Oversized,M,S,R404A,PASS,8.451
29,59,15,1,Oversized,M,S,R404A,PASS,8.907
30,60,20,1,Oversized,M,S,R404A,PASS,8.891
31,61,25,1,Oversized,M,S,R404A,PASS,8.792
32,62,30,1,Oversized,M,S,R404A,PASS,8.557
33,63,35,1,Oversized,M,S,R404A,PASS,8.774
34,64,40,1,Oversized,M,S,R404A,PASS,8.659
35,73,10,2,Title 24 Compliant,M,S,R404A,PASS,8.801
36,74,15,2,Title 24 Compliant,M,S,R404A,PASS,9.108
37,75,20,2,Title 24 Compliant,M,S,R404A,PASS,9.118
38,76,25,2,Title 24 Compliant,M,S,R404A,PASS,8.855
39,77,30,2,Title 24 Compliant,M,S,R404A,PASS,8.501
40,78,35,2,Title 24 Compliant,M,S,R404A,PASS,8.865
41,85,10,0,Standard,M,S,R404A,PASS,8.656
42,86,15,0,Standard,M,S,R404A,PASS,8.508
43,87,20,0,Standard,M,S,R404A,PASS,8.419
44,88,25,0,Standard,M,S,R404A,PASS,8.762
45,89,30,0,Standard,M,S,R404A,PASS,8.726
46,90,35,0,Standard,M,S,R404A,PASS,8.718
47,91,40,0,Standard,M,S,R404A,PASS,8.411
48,100,10,1,Oversized,M,S,R404A,PASS,8.581
49,101,15,1,Oversized,M,S,R404A,PASS,9.017
50,102,20,1,Oversized,M,S,R404A,PASS,8.984
51,103,25,1,Oversized,M,S,R404A,PASS,8.932
52,104,30,1,Oversized,M,S,R404A,PASS,8.844
53,105,35,1,Oversized,M,S,R404A,PASS,8.869
54,106,40,1,Oversized,M,S,R404A,PASS,8.857
55,115,10,2,Title 24 Compliant,M,S,R404A,PASS,8.961
56,116,15,2,Title 24 Compliant,M,S,R404A,PASS,9.213
57,117,20,2,Title 24 Compliant,M,S,R404A,PASS,9.207
58,118,25,2,Title 24 Compliant,M,S,R404A,PASS,9.022
59,119,30,2,Title 24 Compliant,M,S,R404A,PASS,8.834
60,120,35,2,Title 24 Compliant,M,S,R404A,PASS,8.972
61,127,10,0,Standard,M,S,R404A,Exempt,0
62,128,15,0,Standard,M,S,R404A,Exempt,0
63,129,16,0,Standard,M,S,R404A,Exempt,0
64,130,18,0,Standard,M,S,R404A,Exempt,0
65,131,20,0,Standard,M,S,R404A,Exempt,0
66,132,24,0,Standard,M,S,R404A,Exempt,0
67,133,30,0,Standard,M,S,R404A,Exempt,0
68,134,40,0,Standard,M,S,R404A,Exempt,0
69,135,50,0,Standard,M,S,R404A,Exempt,0
70,136,60,0,Standard,M,S,R404A,Exempt,0
71,137,70,0,Standard,M,S,R404A,Exempt,0
72,138,80,0,Standard,M,S,R404A,Exempt,0
73,147,10,1,Oversized,M,S,R404A,Exempt,0
74,148,15,1,Oversized,M,S,R404A,Exempt,0
75,149,16,1,Oversized,M,S,R404A,Exempt,0
76,150,18,1,Oversized,M,S,R404A,Exempt,0
77,151,20,1,Oversized,M,S,R404A,Exempt,0
78,152,24,1,Oversized,M,S,R404A,Exempt,0
79,153,30,1,Oversized,M,S,R404A,Exempt,0
80,154,40,1,Oversized,M,S,R404A,Exempt,0
81,155,50,1,Oversized,M,S,R404A,Exempt,0
82,156,60,1,Oversized,M,S,R404A,Exempt,0
83,157,70,1,Oversized,M,S,R404A,Exempt,0
84,158,80,1,Oversized,M,S,R404A,Exempt,0
85,167,16,2,Title 24 Compliant,M,S,R404A,Exempt,0
86,168,20,2,Title 24 Compliant,M,S,R404A,Exempt,0
87,169,40,2,Title 24 Compliant,M,S,R404A,Exempt,0
88,170,70,2,Title 24 Compliant,M,S,R404A,Exempt,0
89,173,10,0,Standard,M,S,R404A,Exempt,0
90,174,15,0,Standard,M,S,R404A,Exempt,0
91,175,16,0,Standard,M,S,R404A,Exempt,0
92,176,18,0,Standard,M,S,R404A,Exempt,0
93,177,20,0,Standard,M,S,R404A,Exempt,0
94,178,24,0,Standard,M,S,R404A,Exempt,0
95,179,30,0,Standard,M,S,R404A,Exempt,0
96,180,40,0,Standard,M,S,R404A,Exempt,0
97,181,50,0,Standard,M,S,R404A,Exempt,0
98,182,60,0,Standard,M,S,R404A,Exempt,0
99,183,70,0,Standard,M,S,R404A,Exempt,0
100,184,80,0,Standard,M,S,R404A,Exempt,0
101,193,10,1,Oversized,M,S,R404A,Exempt,0
102,194,15,1,Oversized,M,S,R404A,Exempt,0
103,195,16,1,Oversized,M,S,R404A,Exempt,0
104,196,18,1,Oversized,M,S,R404A,Exempt,0
105,197,20,1,Oversized,M,S,R404A,Exempt,0
106,198,24,1,Oversized,M,S,R404A,Exempt,0
107,199,30,1,Oversized,M,S,R404A,Exempt,0
108,200,40,1,Oversized,M,S,R404A,Exempt,0
109,201,50,1,Oversized,M,S,R404A,Exempt,0
110,202,60,1,Oversized,M,S,R404A,Exempt,0
111,203,70,1,Oversized,M,S,R404A,Exempt,0
112,204,80,1,Oversized,M,S,R404A,Exempt,0
113,213,16,2,Title 24 Compliant,M,S,R404A,Exempt,0
114,214,20,2,Title 24 Compliant,M,S,R404A,Exempt,0
115,215,40,2,Title 24 Compliant,M,S,R404A,Exempt,0
116,216,70,2,Title 24 Compliant,M,S,R404A,Exempt,0
117,219,10,0,Standard,M,S,R404A,Exempt,0
118,220,15,0,Standard,M,S,R404A,Exempt,0
119,221,16,0,Standard,M,S,R404A,Exempt,0
120,222,18,0,Standard,M,S,R404A,Exempt,0
121,223,20,0,Standard,M,S,R404A,Exempt,0
122,224,24,0,Standard,M,S,R404A,Exempt,0
123,225,30,0,Standard,M,S,R404A,Exempt,0
124,226,40,0,Standard,M,S,R404A,Exempt,0
125,227,50,0,Standard,M,S,R404A,Exempt,0
126,228,60,0,Standard,M,S,R404A,Exempt,0
127,229,70,0,Standard,M,S,R404A,Exempt,0
128,230,80,0,Standard,M,S,R404A,Exempt,0
129,239,10,1,Oversized,M,S,R404A,Exempt,0
130,240,15,1,Oversized,M,S,R404A,Exempt,0
131,241,16,1,Oversized,M,S,R404A,Exempt,0
132,242,18,1,Oversized,M,S,R404A,Exempt,0
133,243,20,1,Oversized,M,S,R404A,Exempt,0
134,244,24,1,Oversized,M,S,R404A,Exempt,0
135,245,30,1,Oversized,M,S,R404A,Exempt,0
136,246,40,1,Oversized,M,S,R404A,Exempt,0
137,247,50,1,Oversized,M,S,R404A,Exempt,0
138,248,60,1,Oversized,M,S,R404A,Exempt,0
139,249,70,1,Oversized,M,S,R404A,Exempt,0
140,250,80,1,Oversized,M,S,R404A,Exempt,0
141,259,16,2,Title 24 Compliant,M,S,R404A,Exempt,0
142,260,20,2,Title 24 Compliant,M,S,R404A,Exempt,0
143,261,40,2,Title 24 Compliant,M,S,R404A,Exempt,0
144,262,70,2,Title 24 Compliant,M,S,R404A,Exempt,0
145,265,10,0,Standard,M,S,R404A,PASS,7.616
146,266,15,0,Standard,M,S,R404A,PASS,9.162
147,267,16,0,Standard,M,S,R404A,PASS,8.796
148,268,18,0,Standard,M,S,R404A,PASS,8.752
149,269,20,0,Standard,M,S,R404A,PASS,8.86
150,270,24,0,Standard,M,S,R404A,PASS,8.784
151,271,30,0,Standard,M,S,R404A,PASS,8.805
152,272,40,0,Standard,M,S,R404A,PASS,8.691
153,273,50,0,Standard,M,S,R404A,PASS,9.037
154,274,60,0,Standard,M,S,R404A,PASS,8.938
155,275,70,0,Standard,M,S,R404A,PASS,8.925
156,276,80,0,Standard,M,S,R404A,PASS,8.702
157,285,10,1,Oversized,M,S,R404A,PASS,9.563
158,286,15,1,Oversized,M,S,R404A,PASS,8.865
159,287,16,1,Oversized,M,S,R404A,PASS,9.282
160,288,18,1,Oversized,M,S,R404A,PASS,9.679
161,289,20,1,Oversized,M,S,R404A,PASS,9.052
162,290,24,1,Oversized,M,S,R404A,PASS,8.872
163,291,30,1,Oversized,M,S,R404A,PASS,9.049
164,292,40,1,Oversized,M,S,R404A,PASS,9.016
165,293,50,1,Oversized,M,S,R404A,PASS,9.231
166,294,60,1,Oversized,M,S,R404A,PASS,8.938
167,295,70,1,Oversized,M,S,R404A,PASS,9.071
168,296,80,1,Oversized,M,S,R404A,PASS,8.893
169,305,16,2,Title 24 Compliant,M,S,R404A,PASS,9.468
170,306,20,2,Title 24 Compliant,M,S,R404A,PASS,9.132
171,307,40,2,Title 24 Compliant,M,S,R404A,PASS,9.025
172,308,70,2,Title 24 Compliant,M,S,R404A,PASS,9.187
173,311,10,0,Standard,M,S,R404A,PASS,7.864
174,312,15,0,Standard,M,S,R404A,PASS,8.533
175,313,16,0,Standard,M,S,R404A,PASS,8.221
176,314,18,0,Standard,M,S,R404A,PASS,8.038
177,315,20,0,Standard,M,S,R404A,PASS,8.493
178,316,24,0,Standard,M,S,R404A,PASS,8.839
179,317,30,0,Standard,M,S,R404A,PASS,8.713
180,318,40,0,Standard,M,S,R404A,PASS,8.616
181,319,50,0,Standard,M,S,R404A,PASS,8.547
182,320,60,0,Standard,M,S,R404A,PASS,8.504
183,321,70,0,Standard,M,S,R404A,PASS,8.606
184,322,80,0,Standard,M,S,R404A,PASS,8.454
185,331,10,1,Oversized,M,S,R404A,PASS,8.841
186,332,15,1,Oversized,M,S,R404A,PASS,8.292
187,333,16,1,Oversized,M,S,R404A,PASS,8.702
188,334,18,1,Oversized,M,S,R404A,PASS,8.864
189,335,20,1,Oversized,M,S,R404A,PASS,8.829
190,336,24,1,Oversized,M,S,R404A,PASS,8.948
191,337,30,1,Oversized,M,S,R404A,PASS,8.991
192,338,40,1,Oversized,M,S,R404A,PASS,8.894
193,339,50,1,Oversized,M,S,R404A,PASS,8.794
194,340,60,1,Oversized,M,S,R404A,PASS,8.558
195,341,70,1,Oversized,M,S,R404A,PASS,8.775
196,342,80,1,Oversized,M,S,R404A,PASS,8.66
197,351,16,2,Title 24 Compliant,M,S,R404A,PASS,8.885
198,352,20,2,Title 24 Compliant,M,S,R404A,PASS,8.804
199,353,40,2,Title 24 Compliant,M,S,R404A,PASS,8.925
200,354,70,2,Title 24 Compliant,M,S,R404A,PASS,8.867
201,357,10,0,Standard,M,S,R404A,PASS,7.986
202,358,15,0,Standard,M,S,R404A,PASS,8.669
203,359,16,0,Standard,M,S,R404A,PASS,8.335
204,360,18,0,Standard,M,S,R404A,PASS,8.032
205,361,20,0,Standard,M,S,R404A,PASS,8.66
206,362,24,0,Standard,M,S,R404A,PASS,8.855
207,363,30,0,Standard,M,S,R404A,PASS,8.833
208,364,40,0,Standard,M,S,R404A,PASS,8.726
209,365,50,0,Standard,M,S,R404A,PASS,8.739
210,366,60,0,Standard,M,S,R404A,PASS,8.837
211,367,70,0,Standard,M,S,R404A,PASS,8.719
212,368,80,0,Standard,M,S,R404A,PASS,8.696
213,377,10,1,Oversized,M,S,R404A,PASS,8.935
214,378,15,1,Oversized,M,S,R404A,PASS,8.394
215,379,16,1,Oversized,M,S,R404A,PASS,8.802
216,380,18,1,Oversized,M,S,R404A,PASS,8.856
217,381,20,1,Oversized,M,S,R404A,PASS,8.968
218,382,24,1,Oversized,M,S,R404A,PASS,8.955
219,383,30,1,Oversized,M,S,R404A,PASS,9.108
220,384,40,1,Oversized,M,S,R404A,PASS,8.987
221,385,50,1,Oversized,M,S,R404A,PASS,8.934
222,386,60,1,Oversized,M,S,R404A,PASS,8.846
223,387,70,1,Oversized,M,S,R404A,PASS,8.87
224,388,80,1,Oversized,M,S,R404A,PASS,8.858
225,397,16,2,Title 24 Compliant,M,S,R404A,PASS,8.98
226,398,20,2,Title 24 Compliant,M,S,R404A,PASS,8.964
227,399,40,2,Title 24 Compliant,M,S,R404A,PASS,9.029
228,400,70,2,Title 24 Compliant,M,S,R404A,PASS,8.974
229,1,10,0,Standard,M,Q,R407A,PASS,8.974
230,2,15,0,Standard,M,Q,R407A,PASS,8.567
231,3,20,0,Standard,M,Q,R407A,PASS,8.474
232,4,25,0,Standard,M,Q,R407A,PASS,8.804
233,5,30,0,Standard,M,Q,R407A,PASS,8.818
234,6,35,0,Standard,M,Q,R407A,PASS,8.728
235,7,40,0,Standard,M,Q,R407A,PASS,8.535
236,16,10,1,Oversized,M,Q,R407A,PASS,8.609
237,17,15,1,Oversized,M,Q,R407A,PASS,8.975
238,18,20,1,Oversized,M,Q,R407A,PASS,9.014
239,19,25,1,Oversized,M,Q,R407A,PASS,8.841
240,20,30,1,Oversized,M,Q,R407A,PASS,8.822
241,21,35,1,Oversized,M,Q,R407A,PASS,8.761
242,22,40,1,Oversized,M,Q,R407A,PASS,8.898
243,31,10,2,Title 24 Compliant,M,Q,R407A,PASS,9.242
244,32,15,2,Title 24 Compliant,M,Q,R407A,PASS,9.135
245,33,20,2,Title 24 Compliant,M,Q,R407A,PASS,9.238
246,34,25,2,Title 24 Compliant,M,Q,R407A,PASS,9.049
247,35,30,2,Title 24 Compliant,M,Q,R407A,PASS,8.926
248,36,35,2,Title 24 Compliant,M,Q,R407A,PASS,8.952
249,43,10,0,Standard,M,Q,R407A,PASS,8.617
250,44,15,0,Standard,M,Q,R407A,PASS,8.391
251,45,20,0,Standard,M,Q,R407A,PASS,8.331
252,46,25,0,Standard,M,Q,R407A,PASS,8.665
253,47,30,0,Standard,M,Q,R407A,PASS,8.566
254,48,35,0,Standard,M,Q,R407A,PASS,8.672
255,49,40,0,Standard,M,Q,R407A,PASS,8.459
256,58,10,1,Oversized,M,Q,R407A,PASS,8.384
257,59,15,1,Oversized,M,Q,R407A,PASS,8.836
258,60,20,1,Oversized,M,Q,R407A,PASS,8.809
259,61,25,1,Oversized,M,Q,R407A,PASS,8.717
260,62,30,1,Oversized,M,Q,R407A,PASS,8.603
261,63,35,1,Oversized,M,Q,R407A,PASS,8.749
262,64,40,1,Oversized,M,Q,R407A,PASS,8.848
263,73,10,2,Title 24 Compliant,M,Q,R407A,PASS,8.903
264,74,15,2,Title 24 Compliant,M,Q,R407A,PASS,9.017
265,75,20,2,Title 24 Compliant,M,Q,R407A,PASS,9.007
266,76,25,2,Title 24 Compliant,M,Q,R407A,PASS,8.908
267,77,30,2,Title 24 Compliant,M,Q,R407A,PASS,8.678
268,78,35,2,Title 24 Compliant,M,Q,R407A,PASS,8.916
269,85,10,0,Standard,M,Q,R407A,PASS,8.746
270,86,15,0,Standard,M,Q,R407A,PASS,8.53
271,87,20,0,Standard,M,Q,R407A,PASS,8.376
272,88,25,0,Standard,M,Q,R407A,PASS,8.767
273,89,30,0,Standard,M,Q,R407A,PASS,8.9
274,90,35,0,Standard,M,Q,R407A,PASS,8.774
275,91,40,0,Standard,M,Q,R407A,PASS,8.644
276,100,10,1,Oversized,M,Q,R407A,PASS,8.484
277,101,15,1,Oversized,M,Q,R407A,PASS,8.964
278,102,20,1,Oversized,M,Q,R407A,PASS,8.855
279,103,25,1,Oversized,M,Q,R407A,PASS,8.782
280,104,30,1,Oversized,M,Q,R407A,PASS,8.884
281,105,35,1,Oversized,M,Q,R407A,PASS,8.836
282,106,40,1,Oversized,M,Q,R407A,PASS,8.994
283,115,10,2,Title 24 Compliant,M,Q,R407A,PASS,9.026
284,116,15,2,Title 24 Compliant,M,Q,R407A,PASS,9.138
285,117,20,2,Title 24 Compliant,M,Q,R407A,PASS,9.052
286,118,25,2,Title 24 Compliant,M,Q,R407A,PASS,9.001
287,119,30,2,Title 24 Compliant,M,Q,R407A,PASS,9.005
288,120,35,2,Title 24 Compliant,M,Q,R407A,PASS,9.014
289,127,10,0,Standard,M,Q,R407A,Exempt,0
290,128,15,0,Standard,M,Q,R407A,Exempt,0
291,129,16,0,Standard,M,Q,R407A,Exempt,0
292,130,18,0,Standard,M,Q,R407A,Exempt,0
293,131,20,0,Standard,M,Q,R407A,Exempt,0
294,132,24,0,Standard,M,Q,R407A,Exempt,0
295,133,30,0,Standard,M,Q,R407A,Exempt,0
296,134,40,0,Standard,M,Q,R407A,Exempt,0
297,135,50,0,Standard,M,Q,R407A,Exempt,0
298,136,60,0,Standard,M,Q,R407A,Exempt,0
299,137,70,0,Standard,M,Q,R407A,Exempt,0
300,138,80,0,Standard,M,Q,R407A,Exempt,0
301,147,10,1,Oversized,M,Q,R407A,Exempt,0
302,148,15,1,Oversized,M,Q,R407A,Exempt,0
303,149,16,1,Oversized,M,Q,R407A,Exempt,0
304,150,18,1,Oversized,M,Q,R407A,Exempt,0
305,151,20,1,Oversized,M,Q,R407A,Exempt,0
306,152,24,1,Oversized,M,Q,R407A,Exempt,0
307,153,30,1,Oversized,M,Q,R407A,Exempt,0
308,154,40,1,Oversized,M,Q,R407A,Exempt,0
309,155,50,1,Oversized,M,Q,R407A,Exempt,0
310,156,60,1,Oversized,M,Q,R407A,Exempt,0
311,157,70,1,Oversized,M,Q,R407A,Exempt,0
312,158,80,1,Oversized,M,Q,R407A,Exempt,0
313,167,16,2,Title 24 Compliant,M,Q,R407A,Exempt,0
314,168,20,2,Title 24 Compliant,M,Q,R407A,Exempt,0
315,169,40,2,Title 24 Compliant,M,Q,R407A,Exempt,0
316,170,70,2,Title 24 Compliant,M,Q,R407A,Exempt,0
317,173,10,0,Standard,M,Q,R407A,Exempt,0
318,174,15,0,Standard,M,Q,R407A,Exempt,0
319,175,16,0,Standard,M,Q,R407A,Exempt,0
320,176,18,0,Standard,M,Q,R407A,Exempt,0
321,177,20,0,Standard,M,Q,R407A,Exempt,0
322,178,24,0,Standard,M,Q,R407A,Exempt,0
323,179,30,0,Standard,M,Q,R407A,Exempt,0
324,180,40,0,Standard,M,Q,R407A,Exempt,0
325,181,50,0,Standard,M,Q,R407A,Exempt,0
326,182,60,0,Standard,M,Q,R407A,Exempt,0
327,183,70,0,Standard,M,Q,R407A,Exempt,0
328,184,80,0,Standard,M,Q,R407A,Exempt,0
329,193,10,1,Oversized,M,Q,R407A,Exempt,0
330,194,15,1,Oversized,M,Q,R407A,Exempt,0
331,195,16,1,Oversized,M,Q,R407A,Exempt,0
332,196,18,1,Oversized,M,Q,R407A,Exempt,0
333,197,20,1,Oversized,M,Q,R407A,Exempt,0
334,198,24,1,Oversized,M,Q,R407A,Exempt,0
335,199,30,1,Oversized,M,Q,R407A,Exempt,0
336,200,40,1,Oversized,M,Q,R407A,Exempt,0
337,201,50,1,Oversized,M,Q,R407A,Exempt,0
338,202,60,1,Oversized,M,Q,R407A,Exempt,0
339,203,70,1,Oversized,M,Q,R407A,Exempt,0
340,204,80,1,Oversized,M,Q,R407A,Exempt,0
341,213,16,2,Title 24 Compliant,M,Q,R407A,Exempt,0
342,214,20,2,Title 24 Compliant,M,Q,R407A,Exempt,0
343,215,40,2,Title 24 Compliant,M,Q,R407A,Exempt,0
344,216,70,2,Title 24 Compliant,M,Q,R407A,Exempt,0
345,219,10,0,Standard,M,Q,R407A,Exempt,0
346,220,15,0,Standard,M,Q,R407A,Exempt,0
347,221,16,0,Standard,M,Q,R407A,Exempt,0
348,222,18,0,Standard,M,Q,R407A,Exempt,0
349,223,20,0,Standard,M,Q,R407A,Exempt,0
350,224,24,0,Standard,M,Q,R407A,Exempt,0
351,225,30,0,Standard,M,Q,R407A,Exempt,0
352,226,40,0,Standard,M,Q,R407A,Exempt,0
353,227,50,0,Standard,M,Q,R407A,Exempt,0
354,228,60,0,Standard,M,Q,R407A,Exempt,0
355,229,70,0,Standard,M,Q,R407A,Exempt,0
356,230,80,0,Standard,M,Q,R407A,Exempt,0
357,239,10,1,Oversized,M,Q,R407A,Exempt,0
358,240,15,1,Oversized,M,Q,R407A,Exempt,0
359,241,16,1,Oversized,M,Q,R407A,Exempt,0
360,242,18,1,Oversized,M,Q,R407A,Exempt,0
361,243,20,1,Oversized,M,Q,R407A,Exempt,0
362,244,24,1,Oversized,M,Q,R407A,Exempt,0
363,245,30,1,Oversized,M,Q,R407A,Exempt,0
364,246,40,1,Oversized,M,Q,R407A,Exempt,0
365,247,50,1,Oversized,M,Q,R407A,Exempt,0
366,248,60,1,Oversized,M,Q,R407A,Exempt,0
367,249,70,1,Oversized,M,Q,R407A,Exempt,0
368,250,80,1,Oversized,M,Q,R407A,Exempt,0
369,259,16,2,Title 24 Compliant,M,Q,R407A,Exempt,0
370,260,20,2,Title 24 Compliant,M,Q,R407A,Exempt,0
371,261,40,2,Title 24 Compliant,M,Q,R407A,Exempt,0
372,262,70,2,Title 24 Compliant,M,Q,R407A,Exempt,0
373,265,10,0,Standard,M,Q,R407A,PASS,8.605
374,266,15,0,Standard,M,Q,R407A,PASS,9.14
375,267,16,0,Standard,M,Q,R407A,PASS,8.604
376,268,18,0,Standard,M,Q,R407A,PASS,8.535
377,269,20,0,Standard,M,Q,R407A,PASS,8.979
378,270,24,0,Standard,M,Q,R407A,PASS,9.065
379,271,30,0,Standard,M,Q,R407A,PASS,8.943
380,272,40,0,Standard,M,Q,R407A,PASS,8.813
381,273,50,0,Standard,M,Q,R407A,PASS,8.871
382,274,60,0,Standard,M,Q,R407A,PASS,8.928
383,275,70,0,Standard,M,Q,R407A,PASS,8.73
384,276,80,0,Standard,M,Q,R407A,PASS,8.817
385,285,10,1,Oversized,M,Q,R407A,PASS,9.376
386,286,15,1,Oversized,M,Q,R407A,PASS,8.694
387,287,16,1,Oversized,M,Q,R407A,PASS,9.025
388,288,18,1,Oversized,M,Q,R407A,PASS,9.288
389,289,20,1,Oversized,M,Q,R407A,PASS,9.063
390,290,24,1,Oversized,M,Q,R407A,PASS,8.991
391,291,30,1,Oversized,M,Q,R407A,PASS,9.18
392,292,40,1,Oversized,M,Q,R407A,PASS,9.016
393,293,50,1,Oversized,M,Q,R407A,PASS,8.844
394,294,60,1,Oversized,M,Q,R407A,PASS,8.824
395,295,70,1,Oversized,M,Q,R407A,PASS,8.762
396,296,80,1,Oversized,M,Q,R407A,PASS,8.899
397,305,16,2,Title 24 Compliant,M,Q,R407A,PASS,9.19
398,306,20,2,Title 24 Compliant,M,Q,R407A,PASS,9.248
399,307,40,2,Title 24 Compliant,M,Q,R407A,PASS,9.123
400,308,70,2,Title 24 Compliant,M,Q,R407A,PASS,8.954
401,311,10,0,Standard,M,Q,R407A,PASS,7.87
402,312,15,0,Standard,M,Q,R407A,PASS,8.59
403,313,16,0,Standard,M,Q,R407A,PASS,8.184
404,314,18,0,Standard,M,Q,R407A,PASS,8.08
405,315,20,0,Standard,M,Q,R407A,PASS,8.621
406,316,24,0,Standard,M,Q,R407A,PASS,8.964
407,317,30,0,Standard,M,Q,R407A,PASS,8.747
408,318,40,0,Standard,M,Q,R407A,PASS,8.662
409,319,50,0,Standard,M,Q,R407A,PASS,8.725
410,320,60,0,Standard,M,Q,R407A,PASS,8.68
411,321,70,0,Standard,M,Q,R407A,PASS,8.673
412,322,80,0,Standard,M,Q,R407A,PASS,8.748
413,331,10,1,Oversized,M,Q,R407A,PASS,8.711
414,332,15,1,Oversized,M,Q,R407A,PASS,8.185
415,333,16,1,Oversized,M,Q,R407A,PASS,8.59
416,334,18,1,Oversized,M,Q,R407A,PASS,8.829
417,335,20,1,Oversized,M,Q,R407A,PASS,8.799
418,336,24,1,Oversized,M,Q,R407A,PASS,8.93
419,337,30,1,Oversized,M,Q,R407A,PASS,9.004
420,338,40,1,Oversized,M,Q,R407A,PASS,8.812
421,339,50,1,Oversized,M,Q,R407A,PASS,8.719
422,340,60,1,Oversized,M,Q,R407A,PASS,8.605
423,341,70,1,Oversized,M,Q,R407A,PASS,8.751
424,342,80,1,Oversized,M,Q,R407A,PASS,8.85
425,351,16,2,Title 24 Compliant,M,Q,R407A,PASS,8.753
426,352,20,2,Title 24 Compliant,M,Q,R407A,PASS,8.908
427,353,40,2,Title 24 Compliant,M,Q,R407A,PASS,8.936
428,354,70,2,Title 24 Compliant,M,Q,R407A,PASS,8.918
429,357,10,0,Standard,M,Q,R407A,PASS,7.991
430,358,15,0,Standard,M,Q,R407A,PASS,8.674
431,359,16,0,Standard,M,Q,R407A,PASS,8.261
432,360,18,0,Standard,M,Q,R407A,PASS,8.076
433,361,20,0,Standard,M,Q,R407A,PASS,8.75
434,362,24,0,Standard,M,Q,R407A,PASS,8.976
435,363,30,0,Standard,M,Q,R407A,PASS,8.893
436,364,40,0,Standard,M,Q,R407A,PASS,8.713
437,365,50,0,Standard,M,Q,R407A,PASS,8.843
438,366,60,0,Standard,M,Q,R407A,PASS,9.007
439,367,70,0,Standard,M,Q,R407A,PASS,8.776
440,368,80,0,Standard,M,Q,R407A,PASS,8.921
441,377,10,1,Oversized,M,Q,R407A,PASS,8.799
442,378,15,1,Oversized,M,Q,R407A,PASS,8.252
443,379,16,1,Oversized,M,Q,R407A,PASS,8.657
444,380,18,1,Oversized,M,Q,R407A,PASS,8.824
445,381,20,1,Oversized,M,Q,R407A,PASS,8.906
446,382,24,1,Oversized,M,Q,R407A,PASS,8.937
447,383,30,1,Oversized,M,Q,R407A,PASS,9.143
448,384,40,1,Oversized,M,Q,R407A,PASS,8.858
449,385,50,1,Oversized,M,Q,R407A,PASS,8.785
450,386,60,1,Oversized,M,Q,R407A,PASS,8.886
451,387,70,1,Oversized,M,Q,R407A,PASS,8.837
452,388,80,1,Oversized,M,Q,R407A,PASS,8.995
453,397,16,2,Title 24 Compliant,M,Q,R407A,PASS,8.814
454,398,20,2,Title 24 Compliant,M,Q,R407A,PASS,9.032
455,399,40,2,Title 24 Compliant,M,Q,R407A,PASS,8.988
456,400,70,2,Title 24 Compliant,M,Q,R407A,PASS,9.016
457,1,10,0,Standard,M,T,R448A,PASS,9.065
458,2,15,0,Standard,M,T,R448A,PASS,8.656
459,3,20,0,Standard,M,T,R448A,PASS,8.576
460,4,25,0,Standard,M,T,R448A,PASS,8.916
461,5,30,0,Standard,M,T,R448A,PASS,8.937
462,6,35,0,Standard,M,T,R448A,PASS,8.836
463,7,40,0,Standard,M,T,R448A,PASS,8.639
464,16,10,1,Oversized,M,T,R448A,PASS,8.691
465,17,15,1,Oversized,M,T,R448A,PASS,9.061
466,18,20,1,Oversized,M,T,R448A,PASS,9.129
467,19,25,1,Oversized,M,T,R448A,PASS,8.954
468,20,30,1,Oversized,M,T,R448A,PASS,8.946
469,21,35,1,Oversized,M,T,R448A,PASS,8.869
470,22,40,1,Oversized,M,T,R448A,PASS,9.009
471,31,10,2,Title 24 Compliant,M,T,R448A,PASS,9.332
472,32,15,2,Title 24 Compliant,M,T,R448A,PASS,9.218
473,33,20,2,Title 24 Compliant,M,T,R448A,PASS,9.357
474,34,25,2,Title 24 Compliant,M,T,R448A,PASS,9.165
475,35,30,2,Title 24 Compliant,M,T,R448A,PASS,9.048
476,36,35,2,Title 24 Compliant,M,T,R448A,PASS,9.063
477,43,10,0,Standard,M,T,R448A,PASS,8.777
478,44,15,0,Standard,M,T,R448A,PASS,8.556
479,45,20,0,Standard,M,T,R448A,PASS,8.515
480,46,25,0,Standard,M,T,R448A,PASS,8.826
481,47,30,0,Standard,M,T,R448A,PASS,8.749
482,48,35,0,Standard,M,T,R448A,PASS,8.714
483,49,40,0,Standard,M,T,R448A,PASS,8.536
484,58,10,1,Oversized,M,T,R448A,PASS,8.585
485,59,15,1,Oversized,M,T,R448A,PASS,9.036
486,60,20,1,Oversized,M,T,R448A,PASS,9.027
487,61,25,1,Oversized,M,T,R448A,PASS,8.914
488,62,30,1,Oversized,M,T,R448A,PASS,8.809
489,63,35,1,Oversized,M,T,R448A,PASS,8.81
490,64,40,1,Oversized,M,T,R448A,PASS,8.959
491,73,10,2,Title 24 Compliant,M,T,R448A,PASS,9.092
492,74,15,2,Title 24 Compliant,M,T,R448A,PASS,9.231
493,75,20,2,Title 24 Compliant,M,T,R448A,PASS,9.24
494,76,25,2,Title 24 Compliant,M,T,R448A,PASS,9.089
495,77,30,2,Title 24 Compliant,M,T,R448A,PASS,8.869
496,78,35,2,Title 24 Compliant,M,T,R448A,PASS,8.97
497,85,10,0,Standard,M,T,R448A,PASS,8.923
498,86,15,0,Standard,M,T,R448A,PASS,8.763
499,87,20,0,Standard,M,T,R448A,PASS,8.509
500,88,25,0,Standard,M,T,R448A,PASS,8.903
501,89,30,0,Standard,M,T,R448A,PASS,9.024
502,90,35,0,Standard,M,T,R448A,PASS,8.788
503,91,40,0,Standard,M,T,R448A,PASS,8.617
504,100,10,1,Oversized,M,T,R448A,PASS,8.699
505,101,15,1,Oversized,M,T,R448A,PASS,9.243
506,102,20,1,Oversized,M,T,R448A,PASS,9.022
507,103,25,1,Oversized,M,T,R448A,PASS,8.97
508,104,30,1,Oversized,M,T,R448A,PASS,9.07
509,105,35,1,Oversized,M,T,R448A,PASS,8.871
510,106,40,1,Oversized,M,T,R448A,PASS,9.001
511,115,10,2,Title 24 Compliant,M,T,R448A,PASS,9.232
512,116,15,2,Title 24 Compliant,M,T,R448A,PASS,9.44
513,117,20,2,Title 24 Compliant,M,T,R448A,PASS,9.235
514,118,25,2,Title 24 Compliant,M,T,R448A,PASS,9.16
515,119,30,2,Title 24 Compliant,M,T,R448A,PASS,9.143
516,120,35,2,Title 24 Compliant,M,T,R448A,PASS,9.04
517,127,10,0,Standard,M,T,R448A,Exempt,0
518,128,15,0,Standard,M,T,R448A,Exempt,0
519,129,16,0,Standard,M,T,R448A,Exempt,0
520,130,18,0,Standard,M,T,R448A,Exempt,0
521,131,20,0,Standard,M,T,R448A,Exempt,0
522,132,24,0,Standard,M,T,R448A,Exempt,0
523,133,30,0,Standard,M,T,R448A,Exempt,0
524,134,40,0,Standard,M,T,R448A,Exempt,0
525,135,50,0,Standard,M,T,R448A,Exempt,0
526,136,60,0,Standard,M,T,R448A,Exempt,0
527,137,70,0,Standard,M,T,R448A,Exempt,0
528,138,80,0,Standard,M,T,R448A,Exempt,0
529,147,10,1,Oversized,M,T,R448A,Exempt,0
530,148,15,1,Oversized,M,T,R448A,Exempt,0
531,149,16,1,Oversized,M,T,R448A,Exempt,0
532,150,18,1,Oversized,M,T,R448A,Exempt,0
533,151,20,1,Oversized,M,T,R448A,Exempt,0
534,152,24,1,Oversized,M,T,R448A,Exempt,0
535,153,30,1,Oversized,M,T,R448A,Exempt,0
536,154,40,1,Oversized,M,T,R448A,Exempt,0
537,155,50,1,Oversized,M,T,R448A,Exempt,0
538,156,60,1,Oversized,M,T,R448A,Exempt,0
539,157,70,1,Oversized,M,T,R448A,Exempt,0
540,158,80,1,Oversized,M,T,R448A,Exempt,0
541,167,16,2,Title 24 Compliant,M,T,R448A,Exempt,0
542,168,20,2,Title 24 Compliant,M,T,R448A,Exempt,0
543,169,40,2,Title 24 Compliant,M,T,R448A,Exempt,0
544,170,70,2,Title 24 Compliant,M,T,R448A,Exempt,0
545,173,10,0,Standard,M,T,R448A,Exempt,0
546,174,15,0,Standard,M,T,R448A,Exempt,0
547,175,16,0,Standard,M,T,R448A,Exempt,0
548,176,18,0,Standard,M,T,R448A,Exempt,0
549,177,20,0,Standard,M,T,R448A,Exempt,0
550,178,24,0,Standard,M,T,R448A,Exempt,0
551,179,30,0,Standard,M,T,R448A,Exempt,0
552,180,40,0,Standard,M,T,R448A,Exempt,0
553,181,50,0,Standard,M,T,R448A,Exempt,0
554,182,60,0,Standard,M,T,R448A,Exempt,0
555,183,70,0,Standard,M,T,R448A,Exempt,0
556,184,80,0,Standard,M,T,R448A,Exempt,0
557,193,10,1,Oversized,M,T,R448A,Exempt,0
558,194,15,1,Oversized,M,T,R448A,Exempt,0
559,195,16,1,Oversized,M,T,R448A,Exempt,0
560,196,18,1,Oversized,M,T,R448A,Exempt,0
561,197,20,1,Oversized,M,T,R448A,Exempt,0
562,198,24,1,Oversized,M,T,R448A,Exempt,0
563,199,30,1,Oversized,M,T,R448A,Exempt,0
564,200,40,1,Oversized,M,T,R448A,Exempt,0
565,201,50,1,Oversized,M,T,R448A,Exempt,0
566,202,60,1,Oversized,M,T,R448A,Exempt,0
567,203,70,1,Oversized,M,T,R448A,Exempt,0
568,204,80,1,Oversized,M,T,R448A,Exempt,0
569,213,16,2,Title 24 Compliant,M,T,R448A,Exempt,0
570,214,20,2,Title 24 Compliant,M,T,R448A,Exempt,0
571,215,40,2,Title 24 Compliant,M,T,R448A,Exempt,0
572,216,70,2,Title 24 Compliant,M,T,R448A,Exempt,0
573,219,10,0,Standard,M,T,R448A,Exempt,0
574,220,15,0,Standard,M,T,R448A,Exempt,0
575,221,16,0,Standard,M,T,R448A,Exempt,0
576,222,18,0,Standard,M,T,R448A,Exempt,0
577,223,20,0,Standard,M,T,R448A,Exempt,0
578,224,24,0,Standard,M,T,R448A,Exempt,0
579,225,30,0,Standard,M,T,R448A,Exempt,0
580,226,40,0,Standard,M,T,R448A,Exempt,0
581,227,50,0,Standard,M,T,R448A,Exempt,0
582,228,60,0,Standard,M,T,R448A,Exempt,0
583,229,70,0,Standard,M,T,R448A,Exempt,0
584,230,80,0,Standard,M,T,R448A,Exempt,0
585,239,10,1,Oversized,M,T,R448A,Exempt,0
586,240,15,1,Oversized,M,T,R448A,Exempt,0
587,241,16,1,Oversized,M,T,R448A,Exempt,0
588,242,18,1,Oversized,M,T,R448A,Exempt,0
589,243,20,1,Oversized,M,T,R448A,Exempt,0
590,244,24,1,Oversized,M,T,R448A,Exempt,0
591,245,30,1,Oversized,M,T,R448A,Exempt,0
592,246,40,1,Oversized,M,T,R448A,Exempt,0
593,247,50,1,Oversized,M,T,R448A,Exempt,0
594,248,60,1,Oversized,M,T,R448A,Exempt,0
595,249,70,1,Oversized,M,T,R448A,Exempt,0
596,250,80,1,Oversized,M,T,R448A,Exempt,0
597,259,16,2,Title 24 Compliant,M,T,R448A,Exempt,0
598,260,20,2,Title 24 Compliant,M,T,R448A,Exempt,0
599,261,40,2,Title 24 Compliant,M,T,R448A,Exempt,0
600,262,70,2,Title 24 Compliant,M,T,R448A,Exempt,0
601,265,10,0,Standard,M,T,R448A,PASS,8.708
602,266,15,0,Standard,M,T,R448A,PASS,9.288
603,267,16,0,Standard,M,T,R448A,PASS,8.71
604,268,18,0,Standard,M,T,R448A,PASS,8.62
605,269,20,0,Standard,M,T,R448A,PASS,9.069
606,270,24,0,Standard,M,T,R448A,PASS,9.154
607,271,30,0,Standard,M,T,R448A,PASS,9.034
608,272,40,0,Standard,M,T,R448A,PASS,8.921
609,273,50,0,Standard,M,T,R448A,PASS,8.982
610,274,60,0,Standard,M,T,R448A,PASS,9.05
611,275,70,0,Standard,M,T,R448A,PASS,8.838
612,276,80,0,Standard,M,T,R448A,PASS,8.927
613,285,10,1,Oversized,M,T,R448A,PASS,9.493
614,286,15,1,Oversized,M,T,R448A,PASS,8.841
615,287,16,1,Oversized,M,T,R448A,PASS,9.137
616,288,18,1,Oversized,M,T,R448A,PASS,9.373
617,289,20,1,Oversized,M,T,R448A,PASS,9.147
618,290,24,1,Oversized,M,T,R448A,PASS,9.076
619,291,30,1,Oversized,M,T,R448A,PASS,9.269
620,292,40,1,Oversized,M,T,R448A,PASS,9.132
621,293,50,1,Oversized,M,T,R448A,PASS,8.957
622,294,60,1,Oversized,M,T,R448A,PASS,8.948
623,295,70,1,Oversized,M,T,R448A,PASS,8.871
624,296,80,1,Oversized,M,T,R448A,PASS,9.011
625,305,16,2,Title 24 Compliant,M,T,R448A,PASS,9.304
626,306,20,2,Title 24 Compliant,M,T,R448A,PASS,9.338
627,307,40,2,Title 24 Compliant,M,T,R448A,PASS,9.239
628,308,70,2,Title 24 Compliant,M,T,R448A,PASS,9.065
629,311,10,0,Standard,M,T,R448A,PASS,7.862
630,312,15,0,Standard,M,T,R448A,PASS,8.616
631,313,16,0,Standard,M,T,R448A,PASS,8.233
632,314,18,0,Standard,M,T,R448A,PASS,8.109
633,315,20,0,Standard,M,T,R448A,PASS,8.782
634,316,24,0,Standard,M,T,R448A,PASS,9.136
635,317,30,0,Standard,M,T,R448A,PASS,8.92
636,318,40,0,Standard,M,T,R448A,PASS,8.852
637,319,50,0,Standard,M,T,R448A,PASS,8.875
638,320,60,0,Standard,M,T,R448A,PASS,8.871
639,321,70,0,Standard,M,T,R448A,PASS,8.716
640,322,80,0,Standard,M,T,R448A,PASS,8.839
641,331,10,1,Oversized,M,T,R448A,PASS,8.785
642,332,15,1,Oversized,M,T,R448A,PASS,8.235
643,333,16,1,Oversized,M,T,R448A,PASS,8.662
644,334,18,1,Oversized,M,T,R448A,PASS,8.897
645,335,20,1,Oversized,M,T,R448A,PASS,9.012
646,336,24,1,Oversized,M,T,R448A,PASS,9.127
647,337,30,1,Oversized,M,T,R448A,PASS,9.197
648,338,40,1,Oversized,M,T,R448A,PASS,9.03
649,339,50,1,Oversized,M,T,R448A,PASS,8.916
650,340,60,1,Oversized,M,T,R448A,PASS,8.811
651,341,70,1,Oversized,M,T,R448A,PASS,8.812
652,342,80,1,Oversized,M,T,R448A,PASS,8.961
653,351,16,2,Title 24 Compliant,M,T,R448A,PASS,8.835
654,352,20,2,Title 24 Compliant,M,T,R448A,PASS,9.098
655,353,40,2,Title 24 Compliant,M,T,R448A,PASS,9.146
656,354,70,2,Title 24 Compliant,M,T,R448A,PASS,8.972
657,357,10,0,Standard,M,T,R448A,PASS,7.981
658,358,15,0,Standard,M,T,R448A,PASS,8.722
659,359,16,0,Standard,M,T,R448A,PASS,8.327
660,360,18,0,Standard,M,T,R448A,PASS,8.103
661,361,20,0,Standard,M,T,R448A,PASS,8.927
662,362,24,0,Standard,M,T,R448A,PASS,9.16
663,363,30,0,Standard,M,T,R448A,PASS,9.138
664,364,40,0,Standard,M,T,R448A,PASS,8.85
665,365,50,0,Standard,M,T,R448A,PASS,8.96
666,366,60,0,Standard,M,T,R448A,PASS,9.145
667,367,70,0,Standard,M,T,R448A,PASS,8.79
668,368,80,0,Standard,M,T,R448A,PASS,8.908
669,377,10,1,Oversized,M,T,R448A,PASS,8.879
670,378,15,1,Oversized,M,T,R448A,PASS,8.321
671,379,16,1,Oversized,M,T,R448A,PASS,8.745
672,380,18,1,Oversized,M,T,R448A,PASS,8.892
673,381,20,1,Oversized,M,T,R448A,PASS,9.134
674,382,24,1,Oversized,M,T,R448A,PASS,9.148
675,383,30,1,Oversized,M,T,R448A,PASS,9.415
676,384,40,1,Oversized,M,T,R448A,PASS,9.025
677,385,50,1,Oversized,M,T,R448A,PASS,8.972
678,386,60,1,Oversized,M,T,R448A,PASS,9.072
679,387,70,1,Oversized,M,T,R448A,PASS,8.872
680,388,80,1,Oversized,M,T,R448A,PASS,9.003
681,397,16,2,Title 24 Compliant,M,T,R448A,PASS,8.913
682,398,20,2,Title 24 Compliant,M,T,R448A,PASS,9.237
683,399,40,2,Title 24 Compliant,M,T,R448A,PASS,9.145
684,400,70,2,Title 24 Compliant,M,T,R448A,PASS,9.042
685,1,10,0,Standard,M,R,R449A,PASS,9.078
686,2,15,0,Standard,M,R,R449A,PASS,8.666
687,3,20,0,Standard,M,R,R449A,PASS,8.59
688,4,25,0,Standard,M,R,R449A,PASS,8.923
689,5,30,0,Standard,M,R,R449A,PASS,8.952
690,6,35,0,Standard,M,R,R449A,PASS,8.85
691,7,40,0,Standard,M,R,R449A,PASS,8.656
692,16,10,1,Oversized,M,R,R449A,PASS,8.702
693,17,15,1,Oversized,M,R,R449A,PASS,9.071
694,18,20,1,Oversized,M,R,R449A,PASS,9.144
695,19,25,1,Oversized,M,R,R449A,PASS,8.959
696,20,30,1,Oversized,M,R,R449A,PASS,8.96
697,21,35,1,Oversized,M,R,R449A,PASS,8.883
698,22,40,1,Oversized,M,R,R449A,PASS,9.025
699,31,10,2,Title 24 Compliant,M,R,R449A,PASS,9.345
700,32,15,2,Title 24 Compliant,M,R,R449A,PASS,9.227
701,33,20,2,Title 24 Compliant,M,R,R449A,PASS,9.372
702,34,25,2,Title 24 Compliant,M,R,R449A,PASS,9.172
703,35,30,2,Title 24 Compliant,M,R,R449A,PASS,9.064
704,36,35,2,Title 24 Compliant,M,R,R449A,PASS,9.078
705,43,10,0,Standard,M,R,R449A,PASS,8.765
706,44,15,0,Standard,M,R,R449A,PASS,8.543
707,45,20,0,Standard,M,R,R449A,PASS,8.5
708,46,25,0,Standard,M,R,R449A,PASS,8.811
709,47,30,0,Standard,M,R,R449A,PASS,8.735
710,48,35,0,Standard,M,R,R449A,PASS,8.7
711,49,40,0,Standard,M,R,R449A,PASS,8.521
712,58,10,1,Oversized,M,R,R449A,PASS,8.572
713,59,15,1,Oversized,M,R,R449A,PASS,9.022
714,60,20,1,Oversized,M,R,R449A,PASS,9.012
715,61,25,1,Oversized,M,R,R449A,PASS,8.898
716,62,30,1,Oversized,M,R,R449A,PASS,8.795
717,63,35,1,Oversized,M,R,R449A,PASS,8.795
718,64,40,1,Oversized,M,R,R449A,PASS,8.944
719,73,10,2,Title 24 Compliant,M,R,R449A,PASS,9.08
720,74,15,2,Title 24 Compliant,M,R,R449A,PASS,9.217
721,75,20,2,Title 24 Compliant,M,R,R449A,PASS,9.224
722,76,25,2,Title 24 Compliant,M,R,R449A,PASS,9.073
723,77,30,2,Title 24 Compliant,M,R,R449A,PASS,8.855
724,78,35,2,Title 24 Compliant,M,R,R449A,PASS,8.955
725,85,10,0,Standard,M,R,R449A,PASS,8.91
726,86,15,0,Standard,M,R,R449A,PASS,8.749
727,87,20,0,Standard,M,R,R449A,PASS,8.495
728,88,25,0,Standard,M,R,R449A,PASS,8.888
729,89,30,0,Standard,M,R,R449A,PASS,8.98
730,90,35,0,Standard,M,R,R449A,PASS,8.773
731,91,40,0,Standard,M,R,R449A,PASS,8.603
732,100,10,1,Oversized,M,R,R449A,PASS,8.685
733,101,15,1,Oversized,M,R,R449A,PASS,9.229
734,102,20,1,Oversized,M,R,R449A,PASS,9.007
735,103,25,1,Oversized,M,R,R449A,PASS,8.954
736,104,30,1,Oversized,M,R,R449A,PASS,8.997
737,105,35,1,Oversized,M,R,R449A,PASS,8.856
738,106,40,1,Oversized,M,R,R449A,PASS,8.986
739,115,10,2,Title 24 Compliant,M,R,R449A,PASS,9.219
740,116,15,2,Title 24 Compliant,M,R,R449A,PASS,9.425
741,117,20,2,Title 24 Compliant,M,R,R449A,PASS,9.22
742,118,25,2,Title 24 Compliant,M,R,R449A,PASS,9.145
743,119,30,2,Title 24 Compliant,M,R,R449A,PASS,9.094
744,120,35,2,Title 24 Compliant,M,R,R449A,PASS,9.025
745,127,10,0,Standard,M,R,R449A,Exempt,0
746,128,15,0,Standard,M,R,R449A,Exempt,0
747,129,16,0,Standard,M,R,R449A,Exempt,0
748,130,18,0,Standard,M,R,R449A,Exempt,0
749,131,20,0,Standard,M,R,R449A,Exempt,0
750,132,24,0,Standard,M,R,R449A,Exempt,0
751,133,30,0,Standard,M,R,R449A,Exempt,0
752,134,40,0,Standard,M,R,R449A,Exempt,0
753,135,50,0,Standard,M,R,R449A,Exempt,0
754,136,60,0,Standard,M,R,R449A,Exempt,0
755,137,70,0,Standard,M,R,R449A,Exempt,0
756,138,80,0,Standard,M,R,R449A,Exempt,0
757,147,10,1,Oversized,M,R,R449A,Exempt,0
758,148,15,1,Oversized,M,R,R449A,Exempt,0
759,149,16,1,Oversized,M,R,R449A,Exempt,0
760,150,18,1,Oversized,M,R,R449A,Exempt,0
761,151,20,1,Oversized,M,R,R449A,Exempt,0
762,152,24,1,Oversized,M,R,R449A,Exempt,0
763,153,30,1,Oversized,M,R,R449A,Exempt,0
764,154,40,1,Oversized,M,R,R449A,Exempt,0
765,155,50,1,Oversized,M,R,R449A,Exempt,0
766,156,60,1,Oversized,M,R,R449A,Exempt,0
767,157,70,1,Oversized,M,R,R449A,Exempt,0
768,158,80,1,Oversized,M,R,R449A,Exempt,0
769,167,16,2,Title 24 Compliant,M,R,R449A,Exempt,0
770,168,20,2,Title 24 Compliant,M,R,R449A,Exempt,0
771,169,40,2,Title 24 Compliant,M,R,R449A,Exempt,0
772,170,70,2,Title 24 Compliant,M,R,R449A,Exempt,0
773,173,10,0,Standard,M,R,R449A,Exempt,0
774,174,15,0,Standard,M,R,R449A,Exempt,0
775,175,16,0,Standard,M,R,R449A,Exempt,0
776,176,18,0,Standard,M,R,R449A,Exempt,0
777,177,20,0,Standard,M,R,R449A,Exempt,0
778,178,24,0,Standard,M,R,R449A,Exempt,0
779,179,30,0,Standard,M,R,R449A,Exempt,0
780,180,40,0,Standard,M,R,R449A,Exempt,0
781,181,50,0,Standard,M,R,R449A,Exempt,0
782,182,60,0,Standard,M,R,R449A,Exempt,0
783,183,70,0,Standard,M,R,R449A,Exempt,0
784,184,80,0,Standard,M,R,R449A,Exempt,0
785,193,10,1,Oversized,M,R,R449A,Exempt,0
786,194,15,1,Oversized,M,R,R449A,Exempt,0
787,195,16,1,Oversized,M,R,R449A,Exempt,0
788,196,18,1,Oversized,M,R,R449A,Exempt,0
789,197,20,1,Oversized,M,R,R449A,Exempt,0
790,198,24,1,Oversized,M,R,R449A,Exempt,0
791,199,30,1,Oversized,M,R,R449A,Exempt,0
792,200,40,1,Oversized,M,R,R449A,Exempt,0
793,201,50,1,Oversized,M,R,R449A,Exempt,0
794,202,60,1,Oversized,M,R,R449A,Exempt,0
795,203,70,1,Oversized,M,R,R449A,Exempt,0
796,204,80,1,Oversized,M,R,R449A,Exempt,0
797,213,16,2,Title 24 Compliant,M,R,R449A,Exempt,0
798,214,20,2,Title 24 Compliant,M,R,R449A,Exempt,0
799,215,40,2,Title 24 Compliant,M,R,R449A,Exempt,0
800,216,70,2,Title 24 Compliant,M,R,R449A,Exempt,0
801,219,10,0,Standard,M,R,R449A,Exempt,0
802,220,15,0,Standard,M,R,R449A,Exempt,0
803,221,16,0,Standard,M,R,R449A,Exempt,0
804,222,18,0,Standard,M,R,R449A,Exempt,0
805,223,20,0,Standard,M,R,R449A,Exempt,0
806,224,24,0,Standard,M,R,R449A,Exempt,0
807,225,30,0,Standard,M,R,R449A,Exempt,0
808,226,40,0,Standard,M,R,R449A,Exempt,0
809,227,50,0,Standard,M,R,R449A,Exempt,0
810,228,60,0,Standard,M,R,R449A,Exempt,0
811,229,70,0,Standard,M,R,R449A,Exempt,0
812,230,80,0,Standard,M,R,R449A,Exempt,0
813,239,10,1,Oversized,M,R,R449A,Exempt,0
814,240,15,1,Oversized,M,R,R449A,Exempt,0
815,241,16,1,Oversized,M,R,R449A,Exempt,0
816,242,18,1,Oversized,M,R,R449A,Exempt,0
817,243,20,1,Oversized,M,R,R449A,Exempt,0
818,244,24,1,Oversized,M,R,R449A,Exempt,0
819,245,30,1,Oversized,M,R,R449A,Exempt,0
820,246,40,1,Oversized,M,R,R449A,Exempt,0
821,247,50,1,Oversized,M,R,R449A,Exempt,0
822,248,60,1,Oversized,M,R,R449A,Exempt,0
823,249,70,1,Oversized,M,R,R449A,Exempt,0
824,250,80,1,Oversized,M,R,R449A,Exempt,0
825,259,16,2,Title 24 Compliant,M,R,R449A,Exempt,0
826,260,20,2,Title 24 Compliant,M,R,R449A,Exempt,0
827,261,40,2,Title 24 Compliant,M,R,R449A,Exempt,0
828,262,70,2,Title 24 Compliant,M,R,R449A,Exempt,0
829,265,10,0,Standard,M,R,R449A,PASS,8.721
830,266,15,0,Standard,M,R,R449A,PASS,9.306
831,267,16,0,Standard,M,R,R449A,PASS,8.725
832,268,18,0,Standard,M,R,R449A,PASS,8.635
833,269,20,0,Standard,M,R,R449A,PASS,9.083
834,270,24,0,Standard,M,R,R449A,PASS,9.174
835,271,30,0,Standard,M,R,R449A,PASS,9.045
836,272,40,0,Standard,M,R,R449A,PASS,8.936
837,273,50,0,Standard,M,R,R449A,PASS,8.99
838,274,60,0,Standard,M,R,R449A,PASS,9.066
839,275,70,0,Standard,M,R,R449A,PASS,8.852
840,276,80,0,Standard,M,R,R449A,PASS,8.944
841,285,10,1,Oversized,M,R,R449A,PASS,9.506
842,286,15,1,Oversized,M,R,R449A,PASS,8.857
843,287,16,1,Oversized,M,R,R449A,PASS,9.152
844,288,18,1,Oversized,M,R,R449A,PASS,9.388
845,289,20,1,Oversized,M,R,R449A,PASS,9.158
846,290,24,1,Oversized,M,R,R449A,PASS,9.095
847,291,30,1,Oversized,M,R,R449A,PASS,9.28
848,292,40,1,Oversized,M,R,R449A,PASS,9.147
849,293,50,1,Oversized,M,R,R449A,PASS,8.962
850,294,60,1,Oversized,M,R,R449A,PASS,8.962
851,295,70,1,Oversized,M,R,R449A,PASS,8.884
852,296,80,1,Oversized,M,R,R449A,PASS,9.026
853,305,16,2,Title 24 Compliant,M,R,R449A,PASS,9.318
854,306,20,2,Title 24 Compliant,M,R,R449A,PASS,9.35
855,307,40,2,Title 24 Compliant,M,R,R449A,PASS,9.254
856,308,70,2,Title 24 Compliant,M,R,R449A,PASS,9.08
857,311,10,0,Standard,M,R,R449A,PASS,7.863
858,312,15,0,Standard,M,R,R449A,PASS,8.604
859,313,16,0,Standard,M,R,R449A,PASS,8.22
860,314,18,0,Standard,M,R,R449A,PASS,8.096
861,315,20,0,Standard,M,R,R449A,PASS,8.769
862,316,24,0,Standard,M,R,R449A,PASS,9.123
863,317,30,0,Standard,M,R,R449A,PASS,8.907
864,318,40,0,Standard,M,R,R449A,PASS,8.837
865,319,50,0,Standard,M,R,R449A,PASS,8.86
866,320,60,0,Standard,M,R,R449A,PASS,8.857
867,321,70,0,Standard,M,R,R449A,PASS,8.701
868,322,80,0,Standard,M,R,R449A,PASS,8.825
869,331,10,1,Oversized,M,R,R449A,PASS,8.772
870,332,15,1,Oversized,M,R,R449A,PASS,8.223
871,333,16,1,Oversized,M,R,R449A,PASS,8.649
872,334,18,1,Oversized,M,R,R449A,PASS,8.884
873,335,20,1,Oversized,M,R,R449A,PASS,8.999
874,336,24,1,Oversized,M,R,R449A,PASS,9.114
875,337,30,1,Oversized,M,R,R449A,PASS,9.184
876,338,40,1,Oversized,M,R,R449A,PASS,9.014
877,339,50,1,Oversized,M,R,R449A,PASS,8.9
878,340,60,1,Oversized,M,R,R449A,PASS,8.797
879,341,70,1,Oversized,M,R,R449A,PASS,8.797
880,342,80,1,Oversized,M,R,R449A,PASS,8.946
881,351,16,2,Title 24 Compliant,M,R,R449A,PASS,8.821
882,352,20,2,Title 24 Compliant,M,R,R449A,PASS,9.085
883,353,40,2,Title 24 Compliant,M,R,R449A,PASS,9.131
884,354,70,2,Title 24 Compliant,M,R,R449A,PASS,8.957
885,357,10,0,Standard,M,R,R449A,PASS,7.981
886,358,15,0,Standard,M,R,R449A,PASS,8.709
887,359,16,0,Standard,M,R,R449A,PASS,8.314
888,360,18,0,Standard,M,R,R449A,PASS,8.091
889,361,20,0,Standard,M,R,R449A,PASS,8.914
890,362,24,0,Standard,M,R,R449A,PASS,9.147
891,363,30,0,Standard,M,R,R449A,PASS,9.125
892,364,40,0,Standard,M,R,R449A,PASS,8.836
893,365,50,0,Standard,M,R,R449A,PASS,8.945
894,366,60,0,Standard,M,R,R449A,PASS,9.096
895,367,70,0,Standard,M,R,R449A,PASS,8.775
896,368,80,0,Standard,M,R,R449A,PASS,8.893
897,377,10,1,Oversized,M,R,R449A,PASS,8.865
898,378,15,1,Oversized,M,R,R449A,PASS,8.307
899,379,16,1,Oversized,M,R,R449A,PASS,8.731
900,380,18,1,Oversized,M,R,R449A,PASS,8.878
901,381,20,1,Oversized,M,R,R449A,PASS,9.121
902,382,24,1,Oversized,M,R,R449A,PASS,9.135
903,383,30,1,Oversized,M,R,R449A,PASS,9.402
904,384,40,1,Oversized,M,R,R449A,PASS,9.01
905,385,50,1,Oversized,M,R,R449A,PASS,8.957
906,386,60,1,Oversized,M,R,R449A,PASS,8.999
907,387,70,1,Oversized,M,R,R449A,PASS,8.857
908,388,80,1,Oversized,M,R,R449A,PASS,8.987
909,397,16,2,Title 24 Compliant,M,R,R449A,PASS,8.899
910,398,20,2,Title 24 Compliant,M,R,R449A,PASS,9.224
911,399,40,2,Title 24 Compliant,M,R,R449A,PASS,9.13
912,400,70,2,Title 24 Compliant,M,R,R449A,PASS,9.027
913,1,10,0,Standard,M,F,R407F,PASS,9.081
914,2,15,0,Standard,M,F,R407F,PASS,8.668
915,3,20,0,Standard,M,F,R407F,PASS,8.572
916,4,25,0,Standard,M,F,R407F,PASS,8.903
917,5,30,0,Standard,M,F,R407F,PASS,8.916
918,6,35,0,Standard,M,F,R407F,PASS,8.827
919,7,40,0,Standard,M,F,R407F,PASS,8.626
920,16,10,1,Oversized,M,F,R407F,PASS,8.716
921,17,15,1,Oversized,M,F,R407F,PASS,9.088
922,18,20,1,Oversized,M,F,R407F,PASS,9.128
923,19,25,1,Oversized,M,F,R407F,PASS,8.948
924,20,30,1,Oversized,M,F,R407F,PASS,8.925
925,21,35,1,Oversized,M,F,R407F,PASS,8.865
926,22,40,1,Oversized,M,F,R407F,PASS,9.001
927,31,10,2,Title 24 Compliant,M,F,R407F,PASS,9.357
928,32,15,2,Title 24 Compliant,M,F,R407F,PASS,9.253
929,33,20,2,Title 24 Compliant,M,F,R407F,PASS,9.36
930,34,25,2,Title 24 Compliant,M,F,R407F,PASS,9.156
931,35,30,2,Title 24 Compliant,M,F,R407F,PASS,9.027
932,36,35,2,Title 24 Compliant,M,F,R407F,PASS,9.058
933,43,10,0,Standard,M,F,R407F,PASS,8.737
934,44,15,0,Standard,M,F,R407F,PASS,8.576
935,45,20,0,Standard,M,F,R407F,PASS,8.515
936,46,25,0,Standard,M,F,R407F,PASS,8.884
937,47,30,0,Standard,M,F,R407F,PASS,8.829
938,48,35,0,Standard,M,F,R407F,PASS,8.895
939,49,40,0,Standard,M,F,R407F,PASS,8.657
940,58,10,1,Oversized,M,F,R407F,PASS,8.578
941,59,15,1,Oversized,M,F,R407F,PASS,9.086
942,60,20,1,Oversized,M,F,R407F,PASS,9.053
943,61,25,1,Oversized,M,F,R407F,PASS,9.008
944,62,30,1,Oversized,M,F,R407F,PASS,8.919
945,63,35,1,Oversized,M,F,R407F,PASS,9.025
946,64,40,1,Oversized,M,F,R407F,PASS,9.139
947,73,10,2,Title 24 Compliant,M,F,R407F,PASS,9.06
948,74,15,2,Title 24 Compliant,M,F,R407F,PASS,9.297
949,75,20,2,Title 24 Compliant,M,F,R407F,PASS,9.278
950,76,25,2,Title 24 Compliant,M,F,R407F,PASS,9.161
951,77,30,2,Title 24 Compliant,M,F,R407F,PASS,8.955
952,78,35,2,Title 24 Compliant,M,F,R407F,PASS,9.172
953,85,10,0,Standard,M,F,R407F,PASS,8.884
954,86,15,0,Standard,M,F,R407F,PASS,8.734
955,87,20,0,Standard,M,F,R407F,PASS,8.539
956,88,25,0,Standard,M,F,R407F,PASS,8.967
957,89,30,0,Standard,M,F,R407F,PASS,9.086
958,90,35,0,Standard,M,F,R407F,PASS,8.973
959,91,40,0,Standard,M,F,R407F,PASS,8.847
960,100,10,1,Oversized,M,F,R407F,PASS,8.692
961,101,15,1,Oversized,M,F,R407F,PASS,9.229
962,102,20,1,Oversized,M,F,R407F,PASS,9.078
963,103,25,1,Oversized,M,F,R407F,PASS,9.07
964,104,30,1,Oversized,M,F,R407F,PASS,9.133
965,105,35,1,Oversized,M,F,R407F,PASS,9.088
966,106,40,1,Oversized,M,F,R407F,PASS,9.283
967,115,10,2,Title 24 Compliant,M,F,R407F,PASS,9.199
968,116,15,2,Title 24 Compliant,M,F,R407F,PASS,9.433
969,117,20,2,Title 24 Compliant,M,F,R407F,PASS,9.303
970,118,25,2,Title 24 Compliant,M,F,R407F,PASS,9.238
971,119,30,2,Title 24 Compliant,M,F,R407F,PASS,9.206
972,120,35,2,Title 24 Compliant,M,F,R407F,PASS,9.245
973,127,10,0,Standard,M,F,R407F,Exempt,0
974,128,15,0,Standard,M,F,R407F,Exempt,0
975,129,16,0,Standard,M,F,R407F,Exempt,0
976,130,18,0,Standard,M,F,R407F,Exempt,0
977,131,20,0,Standard,M,F,R407F,Exempt,0
978,132,24,0,Standard,M,F,R407F,Exempt,0
979,133,30,0,Standard,M,F,R407F,Exempt,0
980,134,40,0,Standard,M,F,R407F,Exempt,0
981,135,50,0,Standard,M,F,R407F,Exempt,0
982,136,60,0,Standard,M,F,R407F,Exempt,0
983,137,70,0,Standard,M,F,R407F,Exempt,0
984,138,80,0,Standard,M,F,R407F,Exempt,0
985,147,10,1,Oversized,M,F,R407F,Exempt,0
986,148,15,1,Oversized,M,F,R407F,Exempt,0
987,149,16,1,Oversized,M,F,R407F,Exempt,0
988,150,18,1,Oversized,M,F,R407F,Exempt,0
989,151,20,1,Oversized,M,F,R407F,Exempt,0
990,152,24,1,Oversized,M,F,R407F,Exempt,0
991,153,30,1,Oversized,M,F,R407F,Exempt,0
992,154,40,1,Oversized,M,F,R407F,Exempt,0
993,155,50,1,Oversized,M,F,R407F,Exempt,0
994,156,60,1,Oversized,M,F,R407F,Exempt,0
995,157,70,1,Oversized,M,F,R407F,Exempt,0
996,158,80,1,Oversized,M,F,R407F,Exempt,0
997,167,16,2,Title 24 Compliant,M,F,R407F,Exempt,0
998,168,20,2,Title 24 Compliant,M,F,R407F,Exempt,0
999,169,40,2,Title 24 Compliant,M,F,R407F,Exempt,0
1000,170,70,2,Title 24 Compliant,M,F,R407F,Exempt,0
1001,173,10,0,Standard,M,F,R407F,Exempt,0
1002,174,15,0,Standard,M,F,R407F,Exempt,0
1003,175,16,0,Standard,M,F,R407F,Exempt,0
1004,176,18,0,Standard,M,F,R407F,Exempt,0
1005,177,20,0,Standard,M,F,R407F,Exempt,0
1006,178,24,0,Standard,M,F,R407F,Exempt,0
1007,179,30,0,Standard,M,F,R407F,Exempt,0
1008,180,40,0,Standard,M,F,R407F,Exempt,0
1009,181,50,0,Standard,M,F,R407F,Exempt,0
1010,182,60,0,Standard,M,F,R407F,Exempt,0
1011,183,70,0,Standard,M,F,R407F,Exempt,0
1012,184,80,0,Standard,M,F,R407F,Exempt,0
1013,193,10,1,Oversized,M,F,R407F,Exempt,0
1014,194,15,1,Oversized,M,F,R407F,Exempt,0
1015,195,16,1,Oversized,M,F,R407F,Exempt,0
1016,196,18,1,Oversized,M,F,R407F,Exempt,0
1017,197,20,1,Oversized,M,F,R407F,Exempt,0
1018,198,24,1,Oversized,M,F,R407F,Exempt,0
1019,199,30,1,Oversized,M,F,R407F,Exempt,0
1020,200,40,1,Oversized,M,F,R407F,Exempt,0
1021,201,50,1,Oversized,M,F,R407F,Exempt,0
1022,202,60,1,Oversized,M,F,R407F,Exempt,0
1023,203,70,1,Oversized,M,F,R407F,Exempt,0
1024,204,80,1,Oversized,M,F,R407F,Exempt,0
1025,213,16,2,Title 24 Compliant,M,F,R407F,Exempt,0
1026,214,20,2,Title 24 Compliant,M,F,R407F,Exempt,0
1027,215,40,2,Title 24 Compliant,M,F,R407F,Exempt,0
1028,216,70,2,Title 24 Compliant,M,F,R407F,Exempt,0
1029,219,10,0,Standard,M,F,R407F,Exempt,0
1030,220,15,0,Standard,M,F,R407F,Exempt,0
1031,221,16,0,Standard,M,F,R407F,Exempt,0
1032,222,18,0,Standard,M,F,R407F,Exempt,0
1033,223,20,0,Standard,M,F,R407F,Exempt,0
1034,224,24,0,Standard,M,F,R407F,Exempt,0
1035,225,30,0,Standard,M,F,R407F,Exempt,0
1036,226,40,0,Standard,M,F,R407F,Exempt,0
1037,227,50,0,Standard,M,F,R407F,Exempt,0
1038,228,60,0,Standard,M,F,R407F,Exempt,0
1039,229,70,0,Standard,M,F,R407F,Exempt,0
1040,230,80,0,Standard,M,F,R407F,Exempt,0
1041,239,10,1,Oversized,M,F,R407F,Exempt,0
1042,240,15,1,Oversized,M,F,R407F,Exempt,0
1043,241,16,1,Oversized,M,F,R407F,Exempt,0
1044,242,18,1,Oversized,M,F,R407F,Exempt,0
1045,243,20,1,Oversized,M,F,R407F,Exempt,0
1046,244,24,1,Oversized,M,F,R407F,Exempt,0
1047,245,30,1,Oversized,M,F,R407F,Exempt,0
1048,246,40,1,Oversized,M,F,R407F,Exempt,0
1049,247,50,1,Oversized,M,F,R407F,Exempt,0
1050,248,60,1,Oversized,M,F,R407F,Exempt,0
1051,249,70,1,Oversized,M,F,R407F,Exempt,0
1052,250,80,1,Oversized,M,F,R407F,Exempt,0
1053,259,16,2,Title 24 Compliant,M,F,R407F,Exempt,0
1054,260,20,2,Title 24 Compliant,M,F,R407F,Exempt,0
1055,261,40,2,Title 24 Compliant,M,F,R407F,Exempt,0
1056,262,70,2,Title 24 Compliant,M,F,R407F,Exempt,0
1057,265,10,0,Standard,M,F,R407F,PASS,8.698
1058,266,15,0,Standard,M,F,R407F,PASS,9.241
1059,267,16,0,Standard,M,F,R407F,PASS,8.701
1060,268,18,0,Standard,M,F,R407F,PASS,8.627
1061,269,20,0,Standard,M,F,R407F,PASS,9.086
1062,270,24,0,Standard,M,F,R407F,PASS,9.158
1063,271,30,0,Standard,M,F,R407F,PASS,9.051
1064,272,40,0,Standard,M,F,R407F,PASS,8.918
1065,273,50,0,Standard,M,F,R407F,PASS,8.97
1066,274,60,0,Standard,M,F,R407F,PASS,9.029
1067,275,70,0,Standard,M,F,R407F,PASS,8.829
1068,276,80,0,Standard,M,F,R407F,PASS,8.915
1069,285,10,1,Oversized,M,F,R407F,PASS,9.491
1070,286,15,1,Oversized,M,F,R407F,PASS,8.792
1071,287,16,1,Oversized,M,F,R407F,PASS,9.134
1072,288,18,1,Oversized,M,F,R407F,PASS,9.4
1073,289,20,1,Oversized,M,F,R407F,PASS,9.178
1074,290,24,1,Oversized,M,F,R407F,PASS,9.086
1075,291,30,1,Oversized,M,F,R407F,PASS,9.294
1076,292,40,1,Oversized,M,F,R407F,PASS,9.131
1077,293,50,1,Oversized,M,F,R407F,PASS,8.951
1078,294,60,1,Oversized,M,F,R407F,PASS,8.927
1079,295,70,1,Oversized,M,F,R407F,PASS,8.866
1080,296,80,1,Oversized,M,F,R407F,PASS,9.003
1081,305,16,2,Title 24 Compliant,M,F,R407F,PASS,9.305
1082,306,20,2,Title 24 Compliant,M,F,R407F,PASS,9.363
1083,307,40,2,Title 24 Compliant,M,F,R407F,PASS,9.237
1084,308,70,2,Title 24 Compliant,M,F,R407F,PASS,9.06
1085,311,10,0,Standard,M,F,R407F,PASS,7.815
1086,312,15,0,Standard,M,F,R407F,PASS,8.637
1087,313,16,0,Standard,M,F,R407F,PASS,8.268
1088,314,18,0,Standard,M,F,R407F,PASS,8.13
1089,315,20,0,Standard,M,F,R407F,PASS,8.741
1090,316,24,0,Standard,M,F,R407F,PASS,9.124
1091,317,30,0,Standard,M,F,R407F,PASS,8.939
1092,318,40,0,Standard,M,F,R407F,PASS,8.85
1093,319,50,0,Standard,M,F,R407F,PASS,8.919
1094,320,60,0,Standard,M,F,R407F,PASS,8.957
1095,321,70,0,Standard,M,F,R407F,PASS,8.896
1096,322,80,0,Standard,M,F,R407F,PASS,8.985
1097,331,10,1,Oversized,M,F,R407F,PASS,8.82
1098,332,15,1,Oversized,M,F,R407F,PASS,8.278
1099,333,16,1,Oversized,M,F,R407F,PASS,8.711
1100,334,18,1,Oversized,M,F,R407F,PASS,8.941
1101,335,20,1,Oversized,M,F,R407F,PASS,8.998
1102,336,24,1,Oversized,M,F,R407F,PASS,9.137
1103,337,30,1,Oversized,M,F,R407F,PASS,9.232
1104,338,40,1,Oversized,M,F,R407F,PASS,9.056
1105,339,50,1,Oversized,M,F,R407F,PASS,9.01
1106,340,60,1,Oversized,M,F,R407F,PASS,8.921
1107,341,70,1,Oversized,M,F,R407F,PASS,9.026
1108,342,80,1,Oversized,M,F,R407F,PASS,9.141
1109,351,16,2,Title 24 Compliant,M,F,R407F,PASS,8.891
1110,352,20,2,Title 24 Compliant,M,F,R407F,PASS,9.065
1111,353,40,2,Title 24 Compliant,M,F,R407F,PASS,9.159
1112,354,70,2,Title 24 Compliant,M,F,R407F,PASS,9.174
1113,357,10,0,Standard,M,F,R407F,PASS,7.936
1114,358,15,0,Standard,M,F,R407F,PASS,8.743
1115,359,16,0,Standard,M,F,R407F,PASS,8.364
1116,360,18,0,Standard,M,F,R407F,PASS,8.125
1117,361,20,0,Standard,M,F,R407F,PASS,8.888
1118,362,24,0,Standard,M,F,R407F,PASS,9.149
1119,363,30,0,Standard,M,F,R407F,PASS,9.104
1120,364,40,0,Standard,M,F,R407F,PASS,8.879
1121,365,50,0,Standard,M,F,R407F,PASS,9.011
1122,366,60,0,Standard,M,F,R407F,PASS,9.208
1123,367,70,0,Standard,M,F,R407F,PASS,8.975
1124,368,80,0,Standard,M,F,R407F,PASS,9.16
1125,377,10,1,Oversized,M,F,R407F,PASS,8.915
1126,378,15,1,Oversized,M,F,R407F,PASS,8.364
1127,379,16,1,Oversized,M,F,R407F,PASS,8.794
1128,380,18,1,Oversized,M,F,R407F,PASS,8.935
1129,381,20,1,Oversized,M,F,R407F,PASS,9.12
1130,382,24,1,Oversized,M,F,R407F,PASS,9.154
1131,383,30,1,Oversized,M,F,R407F,PASS,9.389
1132,384,40,1,Oversized,M,F,R407F,PASS,9.08
1133,385,50,1,Oversized,M,F,R407F,PASS,9.072
1134,386,60,1,Oversized,M,F,R407F,PASS,9.135
1135,387,70,1,Oversized,M,F,R407F,PASS,9.09
1136,388,80,1,Oversized,M,F,R407F,PASS,9.285
1137,397,16,2,Title 24 Compliant,M,F,R407F,PASS,8.969
1138,398,20,2,Title 24 Compliant,M,F,R407F,PASS,9.205
1139,399,40,2,Title 24 Compliant,M,F,R407F,PASS,9.188
1140,400,70,2,Title 24 Compliant,M,F,R407F,PASS,9.247
1141,1,10,0,Standard,M,P,R507,PASS,8.603
1142,2,15,0,Standard,M,P,R507,PASS,8.267
1143,3,20,0,Standard,M,P,R507,PASS,8.181
1144,4,25,0,Standard,M,P,R507,PASS,8.771
1145,5,30,0,Standard,M,P,R507,PASS,8.523
1146,6,35,0,Standard,M,P,R507,PASS,8.667
1147,7,40,0,Standard,M,P,R507,PASS,8.14
1148,16,10,1,Oversized,M,P,R507,PASS,8.39
1149,17,15,1,Oversized,M,P,R507,PASS,8.685
1150,18,20,1,Oversized,M,P,R507,PASS,8.787
1151,19,25,1,Oversized,M,P,R507,PASS,8.842
1152,20,30,1,Oversized,M,P,R507,PASS,8.666
1153,21,35,1,Oversized,M,P,R507,PASS,8.806
1154,22,40,1,Oversized,M,P,R507,PASS,8.611
1155,31,10,2,Title 24 Compliant,M,P,R507,PASS,8.865
1156,32,15,2,Title 24 Compliant,M,P,R507,PASS,8.704
1157,33,20,2,Title 24 Compliant,M,P,R507,PASS,9.031
1158,34,25,2,Title 24 Compliant,M,P,R507,PASS,9.034
1159,35,30,2,Title 24 Compliant,M,P,R507,PASS,8.633
1160,36,35,2,Title 24 Compliant,M,P,R507,PASS,8.918
1161,43,10,0,Standard,M,P,R507,PASS,8.371
1162,44,15,0,Standard,M,P,R507,PASS,8.272
1163,45,20,0,Standard,M,P,R507,PASS,8.207
1164,46,25,0,Standard,M,P,R507,PASS,8.464
1165,47,30,0,Standard,M,P,R507,PASS,8.268
1166,48,35,0,Standard,M,P,R507,PASS,8.487
1167,49,40,0,Standard,M,P,R507,PASS,8.043
1168,58,10,1,Oversized,M,P,R507,PASS,8.327
1169,59,15,1,Oversized,M,P,R507,PASS,8.765
1170,60,20,1,Oversized,M,P,R507,PASS,8.76
1171,61,25,1,Oversized,M,P,R507,PASS,8.597
1172,62,30,1,Oversized,M,P,R507,PASS,8.429
1173,63,35,1,Oversized,M,P,R507,PASS,8.646
1174,64,40,1,Oversized,M,P,R507,PASS,8.534
1175,73,10,2,Title 24 Compliant,M,P,R507,PASS,8.671
1176,74,15,2,Title 24 Compliant,M,P,R507,PASS,8.848
1177,75,20,2,Title 24 Compliant,M,P,R507,PASS,8.977
1178,76,25,2,Title 24 Compliant,M,P,R507,PASS,8.723
1179,77,30,2,Title 24 Compliant,M,P,R507,PASS,8.378
1180,78,35,2,Title 24 Compliant,M,P,R507,PASS,8.737
1181,85,10,0,Standard,M,P,R507,PASS,8.541
1182,86,15,0,Standard,M,P,R507,PASS,8.398
1183,87,20,0,Standard,M,P,R507,PASS,8.309
1184,88,25,0,Standard,M,P,R507,PASS,8.643
1185,89,30,0,Standard,M,P,R507,PASS,8.611
1186,90,35,0,Standard,M,P,R507,PASS,8.602
1187,91,40,0,Standard,M,P,R507,PASS,8.31
1188,100,10,1,Oversized,M,P,R507,PASS,8.463
1189,101,15,1,Oversized,M,P,R507,PASS,8.886
1190,102,20,1,Oversized,M,P,R507,PASS,8.853
1191,103,25,1,Oversized,M,P,R507,PASS,8.73
1192,104,30,1,Oversized,M,P,R507,PASS,8.722
1193,105,35,1,Oversized,M,P,R507,PASS,8.744
1194,106,40,1,Oversized,M,P,R507,PASS,8.727
1195,115,10,2,Title 24 Compliant,M,P,R507,PASS,8.834
1196,116,15,2,Title 24 Compliant,M,P,R507,PASS,8.973
1197,117,20,2,Title 24 Compliant,M,P,R507,PASS,9.062
1198,118,25,2,Title 24 Compliant,M,P,R507,PASS,8.893
1199,119,30,2,Title 24 Compliant,M,P,R507,PASS,8.715
1200,120,35,2,Title 24 Compliant,M,P,R507,PASS,8.846
1201,127,10,0,Standard,M,P,R507,Exempt,0
1202,128,15,0,Standard,M,P,R507,Exempt,0
1203,129,16,0,Standard,M,P,R507,Exempt,0
1204,130,18,0,Standard,M,P,R507,Exempt,0
1205,131,20,0,Standard,M,P,R507,Exempt,0
1206,132,24,0,Standard,M,P,R507,Exempt,0
1207,133,30,0,Standard,M,P,R507,Exempt,0
1208,134,40,0,Standard,M,P,R507,Exempt,0
1209,135,50,0,Standard,M,P,R507,Exempt,0
1210,136,60,0,Standard,M,P,R507,Exempt,0
1211,137,70,0,Standard,M,P,R507,Exempt,0
1212,138,80,0,Standard,M,P,R507,Exempt,0
1213,147,10,1,Oversized,M,P,R507,Exempt,0
1214,148,15,1,Oversized,M,P,R507,Exempt,0
1215,149,16,1,Oversized,M,P,R507,Exempt,0
1216,150,18,1,Oversized,M,P,R507,Exempt,0
1217,151,20,1,Oversized,M,P,R507,Exempt,0
1218,152,24,1,Oversized,M,P,R507,Exempt,0
1219,153,30,1,Oversized,M,P,R507,Exempt,0
1220,154,40,1,Oversized,M,P,R507,Exempt,0
1221,155,50,1,Oversized,M,P,R507,Exempt,0
1222,156,60,1,Oversized,M,P,R507,Exempt,0
1223,157,70,1,Oversized,M,P,R507,Exempt,0
1224,158,80,1,Oversized,M,P,R507,Exempt,0
1225,167,16,2,Title 24 Compliant,M,P,R507,Exempt,0
1226,168,20,2,Title 24 Compliant,M,P,R507,Exempt,0
1227,169,40,2,Title 24 Compliant,M,P,R507,Exempt,0
1228,170,70,2,Title 24 Compliant,M,P,R507,Exempt,0
1229,173,10,0,Standard,M,P,R507,Exempt,0
1230,174,15,0,Standard,M,P,R507,Exempt,0
1231,175,16,0,Standard,M,P,R507,Exempt,0
1232,176,18,0,Standard,M,P,R507,Exempt,0
1233,177,20,0,Standard,M,P,R507,Exempt,0
1234,178,24,0,Standard,M,P,R507,Exempt,0
1235,179,30,0,Standard,M,P,R507,Exempt,0
1236,180,40,0,Standard,M,P,R507,Exempt,0
1237,181,50,0,Standard,M,P,R507,Exempt,0
1238,182,60,0,Standard,M,P,R507,Exempt,0
1239,183,70,0,Standard,M,P,R507,Exempt,0
1240,184,80,0,Standard,M,P,R507,Exempt,0
1241,193,10,1,Oversized,M,P,R507,Exempt,0
1242,194,15,1,Oversized,M,P,R507,Exempt,0
1243,195,16,1,Oversized,M,P,R507,Exempt,0
1244,196,18,1,Oversized,M,P,R507,Exempt,0
1245,197,20,1,Oversized,M,P,R507,Exempt,0
1246,198,24,1,Oversized,M,P,R507,Exempt,0
1247,199,30,1,Oversized,M,P,R507,Exempt,0
1248,200,40,1,Oversized,M,P,R507,Exempt,0
1249,201,50,1,Oversized,M,P,R507,Exempt,0
1250,202,60,1,Oversized,M,P,R507,Exempt,0
1251,203,70,1,Oversized,M,P,R507,Exempt,0
1252,204,80,1,Oversized,M,P,R507,Exempt,0
1253,213,16,2,Title 24 Compliant,M,P,R507,Exempt,0
1254,214,20,2,Title 24 Compliant,M,P,R507,Exempt,0
1255,215,40,2,Title 24 Compliant,M,P,R507,Exempt,0
1256,216,70,2,Title 24 Compliant,M,P,R507,Exempt,0
1257,219,10,0,Standard,M,P,R507,Exempt,0
1258,220,15,0,Standard,M,P,R507,Exempt,0
1259,221,16,0,Standard,M,P,R507,Exempt,0
1260,222,18,0,Standard,M,P,R507,Exempt,0
1261,223,20,0,Standard,M,P,R507,Exempt,0
1262,224,24,0,Standard,M,P,R507,Exempt,0
1263,225,30,0,Standard,M,P,R507,Exempt,0
1264,226,40,0,Standard,M,P,R507,Exempt,0
1265,227,50,0,Standard,M,P,R507,Exempt,0
1266,228,60,0,Standard,M,P,R507,Exempt,0
1267,229,70,0,Standard,M,P,R507,Exempt,0
1268,230,80,0,Standard,M,P,R507,Exempt,0
1269,239,10,1,Oversized,M,P,R507,Exempt,0
1270,240,15,1,Oversized,M,P,R507,Exempt,0
1271,241,16,1,Oversized,M,P,R507,Exempt,0
1272,242,18,1,Oversized,M,P,R507,Exempt,0
1273,243,20,1,Oversized,M,P,R507,Exempt,0
1274,244,24,1,Oversized,M,P,R507,Exempt,0
1275,245,30,1,Oversized,M,P,R507,Exempt,0
1276,246,40,1,Oversized,M,P,R507,Exempt,0
1277,247,50,1,Oversized,M,P,R507,Exempt,0
1278,248,60,1,Oversized,M,P,R507,Exempt,0
1279,249,70,1,Oversized,M,P,R507,Exempt,0
1280,250,80,1,Oversized,M,P,R507,Exempt,0
1281,259,16,2,Title 24 Compliant,M,P,R507,Exempt,0
1282,260,20,2,Title 24 Compliant,M,P,R507,Exempt,0
1283,261,40,2,Title 24 Compliant,M,P,R507,Exempt,0
1284,262,70,2,Title 24 Compliant,M,P,R507,Exempt,0
1285,265,10,0,Standard,M,P,R507,PASS,8.416
1286,266,15,0,Standard,M,P,R507,PASS,8.893
1287,267,16,0,Standard,M,P,R507,PASS,8.557
1288,268,18,0,Standard,M,P,R507,PASS,8.473
1289,269,20,0,Standard,M,P,R507,PASS,8.607
1290,270,24,0,Standard,M,P,R507,PASS,8.555
1291,271,30,0,Standard,M,P,R507,PASS,8.584
1292,272,40,0,Standard,M,P,R507,PASS,8.469
1293,273,50,0,Standard,M,P,R507,PASS,8.751
1294,274,60,0,Standard,M,P,R507,PASS,8.635
1295,275,70,0,Standard,M,P,R507,PASS,8.668
1296,276,80,0,Standard,M,P,R507,PASS,8.428
1297,285,10,1,Oversized,M,P,R507,PASS,9.245
1298,286,15,1,Oversized,M,P,R507,PASS,8.619
1299,287,16,1,Oversized,M,P,R507,PASS,9.022
1300,288,18,1,Oversized,M,P,R507,PASS,9.355
1301,289,20,1,Oversized,M,P,R507,PASS,8.743
1302,290,24,1,Oversized,M,P,R507,PASS,8.647
1303,291,30,1,Oversized,M,P,R507,PASS,8.82
1304,292,40,1,Oversized,M,P,R507,PASS,8.79
1305,293,50,1,Oversized,M,P,R507,PASS,8.844
1306,294,60,1,Oversized,M,P,R507,PASS,8.668
1307,295,70,1,Oversized,M,P,R507,PASS,8.807
1308,296,80,1,Oversized,M,P,R507,PASS,8.612
1309,305,16,2,Title 24 Compliant,M,P,R507,PASS,9.05
1310,306,20,2,Title 24 Compliant,M,P,R507,PASS,8.868
1311,307,40,2,Title 24 Compliant,M,P,R507,PASS,8.793
1312,308,70,2,Title 24 Compliant,M,P,R507,PASS,8.919
1313,311,10,0,Standard,M,P,R507,PASS,7.784
1314,312,15,0,Standard,M,P,R507,PASS,8.394
1315,313,16,0,Standard,M,P,R507,PASS,8.098
1316,314,18,0,Standard,M,P,R507,PASS,7.927
1317,315,20,0,Standard,M,P,R507,PASS,8.374
1318,316,24,0,Standard,M,P,R507,PASS,8.713
1319,317,30,0,Standard,M,P,R507,PASS,8.581
1320,318,40,0,Standard,M,P,R507,PASS,8.497
1321,319,50,0,Standard,M,P,R507,PASS,8.427
1322,320,60,0,Standard,M,P,R507,PASS,8.38
1323,321,70,0,Standard,M,P,R507,PASS,8.488
1324,322,80,0,Standard,M,P,R507,PASS,8.338
1325,331,10,1,Oversized,M,P,R507,PASS,8.692
1326,332,15,1,Oversized,M,P,R507,PASS,8.16
1327,333,16,1,Oversized,M,P,R507,PASS,8.538
1328,334,18,1,Oversized,M,P,R507,PASS,8.721
1329,335,20,1,Oversized,M,P,R507,PASS,8.693
1330,336,24,1,Oversized,M,P,R507,PASS,8.814
1331,337,30,1,Oversized,M,P,R507,PASS,8.848
1332,338,40,1,Oversized,M,P,R507,PASS,8.763
1333,339,50,1,Oversized,M,P,R507,PASS,8.599
1334,340,60,1,Oversized,M,P,R507,PASS,8.43
1335,341,70,1,Oversized,M,P,R507,PASS,8.648
1336,342,80,1,Oversized,M,P,R507,PASS,8.535
1337,351,16,2,Title 24 Compliant,M,P,R507,PASS,8.561
1338,352,20,2,Title 24 Compliant,M,P,R507,PASS,8.673
1339,353,40,2,Title 24 Compliant,M,P,R507,PASS,8.794
1340,354,70,2,Title 24 Compliant,M,P,R507,PASS,8.738
1341,357,10,0,Standard,M,P,R507,PASS,7.906
1342,358,15,0,Standard,M,P,R507,PASS,8.535
1343,359,16,0,Standard,M,P,R507,PASS,8.217
1344,360,18,0,Standard,M,P,R507,PASS,7.922
1345,361,20,0,Standard,M,P,R507,PASS,8.545
1346,362,24,0,Standard,M,P,R507,PASS,8.736
1347,363,30,0,Standard,M,P,R507,PASS,8.713
1348,364,40,0,Standard,M,P,R507,PASS,8.606
1349,365,50,0,Standard,M,P,R507,PASS,8.622
1350,366,60,0,Standard,M,P,R507,PASS,8.717
1351,367,70,0,Standard,M,P,R507,PASS,8.603
1352,368,80,0,Standard,M,P,R507,PASS,8.586
1353,377,10,1,Oversized,M,P,R507,PASS,8.792
1354,378,15,1,Oversized,M,P,R507,PASS,8.267
1355,379,16,1,Oversized,M,P,R507,PASS,8.642
1356,380,18,1,Oversized,M,P,R507,PASS,8.714
1357,381,20,1,Oversized,M,P,R507,PASS,8.837
1358,382,24,1,Oversized,M,P,R507,PASS,8.829
1359,383,30,1,Oversized,M,P,R507,PASS,8.977
1360,384,40,1,Oversized,M,P,R507,PASS,8.856
1361,385,50,1,Oversized,M,P,R507,PASS,8.732
1362,386,60,1,Oversized,M,P,R507,PASS,8.723
1363,387,70,1,Oversized,M,P,R507,PASS,8.746
1364,388,80,1,Oversized,M,P,R507,PASS,8.728
1365,397,16,2,Title 24 Compliant,M,P,R507,PASS,8.662
1366,398,20,2,Title 24 Compliant,M,P,R507,PASS,8.837
1367,399,40,2,Title 24 Compliant,M,P,R507,PASS,8.899
1368,400,70,2,Title 24 Compliant,M,P,R507,PASS,8.848
1369,12,15,0,Standard,L,S,R404A,PASS,3.62
1370,13,22,0,Standard,L,S,R404A,PASS,3.466
1371,14,27,0,Standard,L,S,R404A,PASS,3.467
1372,15,30,0,Standard,L,S,R404A,PASS,3.206
1373,27,15,1,Oversized,L,S,R404A,PASS,3.508
1374,28,22,1,Oversized,L,S,R404A,PASS,3.589
1375,29,27,1,Oversized,L,S,R404A,PASS,3.365
1376,30,30,1,Oversized,L,S,R404A,PASS,3.195
1377,40,22,2,Title 24 Compliant,L,S,R404A,PASS,3.617
1378,41,27,2,Title 24 Compliant,L,S,R404A,PASS,3.521
1379,42,30,2,Title 24 Compliant,L,S,R404A,PASS,3.263
1380,54,15,0,Standard,L,S,R404A,PASS,3.582
1381,55,22,0,Standard,L,S,R404A,PASS,3.386
1382,56,27,0,Standard,L,S,R404A,PASS,3.46
1383,57,30,0,Standard,L,S,R404A,PASS,3.306
1384,69,15,1,Oversized,L,S,R404A,PASS,3.471
1385,70,22,1,Oversized,L,S,R404A,PASS,3.498
1386,71,27,1,Oversized,L,S,R404A,PASS,3.362
1387,72,30,1,Oversized,L,S,R404A,PASS,3.346
1388,82,22,2,Title 24 Compliant,L,S,R404A,PASS,3.524
1389,83,27,2,Title 24 Compliant,L,S,R404A,PASS,3.518
1390,84,30,2,Title 24 Compliant,L,S,R404A,PASS,3.382
1391,96,15,0,Standard,L,S,R404A,PASS,3.607
1392,97,22,0,Standard,L,S,R404A,PASS,3.429
1393,98,27,0,Standard,L,S,R404A,PASS,3.445
1394,99,30,0,Standard,L,S,R404A,PASS,3.313
1395,111,15,1,Oversized,L,S,R404A,PASS,3.488
1396,112,22,1,Oversized,L,S,R404A,PASS,3.533
1397,113,27,1,Oversized,L,S,R404A,PASS,3.345
1398,114,30,1,Oversized,L,S,R404A,PASS,3.337
1399,124,22,2,Title 24 Compliant,L,S,R404A,PASS,3.558
1400,125,27,2,Title 24 Compliant,L,S,R404A,PASS,3.501
1401,126,30,2,Title 24 Compliant,L,S,R404A,PASS,3.386
1402,143,30,0,Standard,L,S,R404A,Exempt,0
1403,144,44,0,Standard,L,S,R404A,Exempt,0
1404,145,54,0,Standard,L,S,R404A,Exempt,0
1405,146,60,0,Standard,L,S,R404A,Exempt,0
1406,163,30,1,Oversized,L,S,R404A,Exempt,0
1407,164,44,1,Oversized,L,S,R404A,Exempt,0
1408,165,54,1,Oversized,L,S,R404A,Exempt,0
1409,166,60,1,Oversized,L,S,R404A,Exempt,0
1410,172,60,2,Title 24 Compliant,L,S,R404A,Exempt,0
1411,189,30,0,Standard,L,S,R404A,Exempt,0
1412,190,44,0,Standard,L,S,R404A,Exempt,0
1413,191,54,0,Standard,L,S,R404A,Exempt,0
1414,192,60,0,Standard,L,S,R404A,Exempt,0
1415,209,30,1,Oversized,L,S,R404A,Exempt,0
1416,210,44,1,Oversized,L,S,R404A,Exempt,0
1417,211,54,1,Oversized,L,S,R404A,Exempt,0
1418,212,60,1,Oversized,L,S,R404A,Exempt,0
1419,218,60,2,Title 24 Compliant,L,S,R404A,Exempt,0
1420,235,30,0,Standard,L,S,R404A,Exempt,0
1421,236,44,0,Standard,L,S,R404A,Exempt,0
1422,237,54,0,Standard,L,S,R404A,Exempt,0
1423,238,60,0,Standard,L,S,R404A,Exempt,0
1424,255,30,1,Oversized,L,S,R404A,Exempt,0
1425,256,44,1,Oversized,L,S,R404A,Exempt,0
1426,257,54,1,Oversized,L,S,R404A,Exempt,0
1427,258,60,1,Oversized,L,S,R404A,Exempt,0
1428,264,60,2,Title 24 Compliant,L,S,R404A,Exempt,0
1429,281,30,0,Standard,L,S,R404A,FAIL,0
1430,282,44,0,Standard,L,S,R404A,PASS,3.317
1431,283,54,0,Standard,L,S,R404A,PASS,3.228
1432,284,60,0,Standard,L,S,R404A,FAIL,0
1433,301,30,1,Oversized,L,S,R404A,PASS,3.374
1434,302,44,1,Oversized,L,S,R404A,PASS,3.379
1435,303,54,1,Oversized,L,S,R404A,PASS,3.257
1436,304,60,1,Oversized,L,S,R404A,FAIL,0
1437,310,60,2,Title 24 Compliant,L,S,R404A,FAIL,0
1438,327,30,0,Standard,L,S,R404A,PASS,3.337
1439,328,44,0,Standard,L,S,R404A,PASS,3.245
1440,329,54,0,Standard,L,S,R404A,PASS,3.218
1441,330,60,0,Standard,L,S,R404A,FAIL,0
1442,347,30,1,Oversized,L,S,R404A,PASS,3.341
1443,348,44,1,Oversized,L,S,R404A,PASS,3.305
1444,349,54,1,Oversized,L,S,R404A,PASS,3.256
1445,350,60,1,Oversized,L,S,R404A,FAIL,0
1446,356,60,2,Title 24 Compliant,L,S,R404A,FAIL,0
1447,373,30,0,Standard,L,S,R404A,PASS,3.36
1448,374,44,0,Standard,L,S,R404A,PASS,3.289
1449,375,54,0,Standard,L,S,R404A,PASS,3.207
1450,376,60,0,Standard,L,S,R404A,FAIL,0
1451,393,30,1,Oversized,L,S,R404A,PASS,3.36
1452,394,44,1,Oversized,L,S,R404A,PASS,3.343
1453,395,54,1,Oversized,L,S,R404A,PASS,3.242
1454,396,60,1,Oversized,L,S,R404A,FAIL,0
1455,12,15,0,Standard,L,P,R507,PASS,3.555
1456,13,22,0,Standard,L,P,R507,PASS,3.386
1457,14,27,0,Standard,L,P,R507,PASS,3.398
1458,15,30,0,Standard,L,P,R507,FAIL,0
1459,27,15,1,Oversized,L,P,R507,PASS,3.417
1460,28,22,1,Oversized,L,P,R507,PASS,3.469
1461,29,27,1,Oversized,L,P,R507,PASS,3.291
1462,30,30,1,Oversized,L,P,R507,FAIL,0
1463,40,22,2,Title 24 Compliant,L,P,R507,PASS,3.497
1464,41,27,2,Title 24 Compliant,L,P,R507,PASS,3.436
1465,42,30,2,Title 24 Compliant,L,P,R507,FAIL,0
1466,54,15,0,Standard,L,P,R507,PASS,3.598
1467,55,22,0,Standard,L,P,R507,PASS,3.392
1468,56,27,0,Standard,L,P,R507,PASS,3.447
1469,57,30,0,Standard,L,P,R507,PASS,3.325
1470,69,15,1,Oversized,L,P,R507,PASS,3.45
1471,70,22,1,Oversized,L,P,R507,PASS,3.465
1472,71,27,1,Oversized,L,P,R507,PASS,3.337
1473,72,30,1,Oversized,L,P,R507,PASS,3.312
1474,82,22,2,Title 24 Compliant,L,P,R507,PASS,3.489
1475,83,27,2,Title 24 Compliant,L,P,R507,PASS,3.481
1476,84,30,2,Title 24 Compliant,L,P,R507,PASS,3.368
1477,96,15,0,Standard,L,P,R507,PASS,3.619
1478,97,22,0,Standard,L,P,R507,PASS,3.431
1479,98,27,0,Standard,L,P,R507,PASS,3.43
1480,99,30,0,Standard,L,P,R507,PASS,3.327
1481,111,15,1,Oversized,L,P,R507,PASS,3.464
1482,112,22,1,Oversized,L,P,R507,PASS,3.5
1483,113,27,1,Oversized,L,P,R507,PASS,3.319
1484,114,30,1,Oversized,L,P,R507,PASS,3.304
1485,124,22,2,Title 24 Compliant,L,P,R507,PASS,3.523
1486,125,27,2,Title 24 Compliant,L,P,R507,PASS,3.465
1487,126,30,2,Title 24 Compliant,L,P,R507,PASS,3.368
1488,143,30,0,Standard,L,P,R507,Exempt,0
1489,144,44,0,Standard,L,P,R507,Exempt,0
1490,145,54,0,Standard,L,P,R507,Exempt,0
1491,146,60,0,Standard,L,P,R507,Exempt,0
1492,163,30,1,Oversized,L,P,R507,Exempt,0
1493,164,44,1,Oversized,L,P,R507,Exempt,0
1494,165,54,1,Oversized,L,P,R507,Exempt,0
1495,166,60,1,Oversized,L,P,R507,Exempt,0
1496,172,60,2,Title 24 Compliant,L,P,R507,Exempt,0
1497,189,30,0,Standard,L,P,R507,Exempt,0
1498,190,44,0,Standard,L,P,R507,Exempt,0
1499,191,54,0,Standard,L,P,R507,Exempt,0
1500,192,60,0,Standard,L,P,R507,Exempt,0
1501,209,30,1,Oversized,L,P,R507,Exempt,0
1502,210,44,1,Oversized,L,P,R507,Exempt,0
1503,211,54,1,Oversized,L,P,R507,Exempt,0
1504,212,60,1,Oversized,L,P,R507,Exempt,0
1505,218,60,2,Title 24 Compliant,L,P,R507,Exempt,0
1506,235,30,0,Standard,L,P,R507,Exempt,0
1507,236,44,0,Standard,L,P,R507,Exempt,0
1508,237,54,0,Standard,L,P,R507,Exempt,0
1509,238,60,0,Standard,L,P,R507,Exempt,0
1510,255,30,1,Oversized,L,P,R507,Exempt,0
1511,256,44,1,Oversized,L,P,R507,Exempt,0
1512,257,54,1,Oversized,L,P,R507,Exempt,0
1513,258,60,1,Oversized,L,P,R507,Exempt,0
1514,264,60,2,Title 24 Compliant,L,P,R507,PASS,8.416
1515,281,30,0,Standard,L,P,R507,PASS,3.313
1516,282,44,0,Standard,L,P,R507,PASS,3.236
1517,283,54,0,Standard,L,P,R507,PASS,3.179
1518,284,60,0,Standard,L,P,R507,FAIL,0
1519,301,30,1,Oversized,L,P,R507,PASS,3.283
1520,302,44,1,Oversized,L,P,R507,PASS,3.274
1521,303,54,1,Oversized,L,P,R507,PASS,3.182
1522,304,60,1,Oversized,L,P,R507,FAIL,0
1523,310,60,2,Title 24 Compliant,L,P,R507,FAIL,0
1524,327,30,0,Standard,L,P,R507,PASS,3.349
1525,328,44,0,Standard,L,P,R507,PASS,3.24
1526,329,54,0,Standard,L,P,R507,PASS,3.225
1527,330,60,0,Standard,L,P,R507,FAIL,0
1528,347,30,1,Oversized,L,P,R507,PASS,3.31
1529,348,44,1,Oversized,L,P,R507,PASS,3.272
1530,349,54,1,Oversized,L,P,R507,PASS,3.222
1531,350,60,1,Oversized,L,P,R507,FAIL,0
1532,356,60,2,Title 24 Compliant,L,P,R507,FAIL,0
1533,373,30,0,Standard,L,P,R507,PASS,3.37
1534,374,44,0,Standard,L,P,R507,PASS,3.28
1535,375,54,0,Standard,L,P,R507,PASS,3.212
1536,376,60,0,Standard,L,P,R507,FAIL,0
1537,393,30,1,Oversized,L,P,R507,PASS,3.327
1538,394,44,1,Oversized,L,P,R507,PASS,3.311
1539,395,54,1,Oversized,L,P,R507,FAIL,0
1540,396,60,1,Oversized,L,P,R507,FAIL,0
1541,8,15,0,Standard,L,Q,R407A,PASS,3.27
1542,9,22,0,Standard,L,Q,R407A,PASS,3.25
1543,10,27,0,Standard,L,Q,R407A,PASS,3.25
1544,11,30,0,Standard,L,Q,R407A,PASS,3.62
1545,23,15,1,Oversized,L,Q,R407A,PASS,3.15
1546,24,22,1,Oversized,L,Q,R407A,PASS,3.15
1547,25,27,1,Oversized,L,Q,R407A,FAIL,0
1548,26,30,1,Oversized,L,Q,R407A,PASS,3.15
1549,37,22,2,Title 24 Compliant,L,Q,R407A,PASS,3.28
1550,38,27,2,Title 24 Compliant,L,Q,R407A,PASS,3.28
1551,39,30,2,Title 24 Compliant,L,Q,R407A,PASS,3.62
1552,50,15,0,Standard,L,Q,R407A,PASS,3.32
1553,51,22,0,Standard,L,Q,R407A,PASS,3.4
1554,52,27,0,Standard,L,Q,R407A,PASS,3.36
1555,53,30,0,Standard,L,Q,R407A,PASS,3.58
1556,65,15,1,Oversized,L,Q,R407A,PASS,3.58
1557,66,22,1,Oversized,L,Q,R407A,PASS,3.26
1558,67,27,1,Oversized,L,Q,R407A,PASS,3.29
1559,68,30,1,Oversized,L,Q,R407A,PASS,3.47
1560,79,22,2,Title 24 Compliant,L,Q,R407A,PASS,3.43
1561,80,27,2,Title 24 Compliant,L,Q,R407A,PASS,3.4
1562,81,30,2,Title 24 Compliant,L,Q,R407A,PASS,3.52
1563,92,15,0,Standard,L,Q,R407A,PASS,3.37
1564,93,22,0,Standard,L,Q,R407A,PASS,3.39
1565,94,27,0,Standard,L,Q,R407A,PASS,3.32
1566,95,30,0,Standard,L,Q,R407A,PASS,3.61
1567,107,15,1,Oversized,L,Q,R407A,PASS,3.42
1568,108,22,1,Oversized,L,Q,R407A,PASS,3.24
1569,109,27,1,Oversized,L,Q,R407A,PASS,3.25
1570,110,30,1,Oversized,L,Q,R407A,PASS,3.49
1571,121,22,2,Title 24 Compliant,L,Q,R407A,PASS,3.41
1572,122,27,2,Title 24 Compliant,L,Q,R407A,PASS,3.35
1573,123,30,2,Title 24 Compliant,L,Q,R407A,PASS,3.56
1574,139,30,0,Standard,L,Q,R407A,Exempt,0
1575,140,44,0,Standard,L,Q,R407A,Exempt,0
1576,141,54,0,Standard,L,Q,R407A,Exempt,0
1577,142,60,0,Standard,L,Q,R407A,Exempt,0
1578,159,30,1,Oversized,L,Q,R407A,Exempt,0
1579,160,44,1,Oversized,L,Q,R407A,Exempt,0
1580,161,54,1,Oversized,L,Q,R407A,Exempt,0
1581,162,60,1,Oversized,L,Q,R407A,Exempt,0
1582,171,60,2,Title 24 Compliant,L,Q,R407A,Exempt,0
1583,185,30,0,Standard,L,Q,R407A,Exempt,0
1584,186,44,0,Standard,L,Q,R407A,Exempt,0
1585,187,54,0,Standard,L,Q,R407A,Exempt,0
1586,188,60,0,Standard,L,Q,R407A,Exempt,0
1587,205,30,1,Oversized,L,Q,R407A,Exempt,0
1588,206,44,1,Oversized,L,Q,R407A,Exempt,0
1589,207,54,1,Oversized,L,Q,R407A,Exempt,0
1590,208,60,1,Oversized,L,Q,R407A,Exempt,0
1591,217,60,2,Title 24 Compliant,L,Q,R407A,Exempt,0
1592,231,30,0,Standard,L,Q,R407A,Exempt,0
1593,232,44,0,Standard,L,Q,R407A,Exempt,0
1594,233,54,0,Standard,L,Q,R407A,Exempt,0
1595,234,60,0,Standard,L,Q,R407A,Exempt,0
1596,251,30,1,Oversized,L,Q,R407A,Exempt,0
1597,252,44,1,Oversized,L,Q,R407A,Exempt,0
1598,253,54,1,Oversized,L,Q,R407A,Exempt,0
1599,254,60,1,Oversized,L,Q,R407A,Exempt,0
1600,263,60,2,Title 24 Compliant,L,Q,R407A,Exempt,0
1601,277,30,0,Standard,L,Q,R407A,FAIL,0
1602,278,44,0,Standard,L,Q,R407A,FAIL,0
1603,279,54,0,Standard,L,Q,R407A,FAIL,0
1604,280,60,0,Standard,L,Q,R407A,FAIL,0
1605,297,30,1,Oversized,L,Q,R407A,FAIL,0
1606,298,44,1,Oversized,L,Q,R407A,PASS,3.15
1607,299,54,1,Oversized,L,Q,R407A,FAIL,0
1608,300,60,1,Oversized,L,Q,R407A,FAIL,0
1609,309,60,2,Title 24 Compliant,L,Q,R407A,FAIL,0
1610,323,30,0,Standard,L,Q,R407A,PASS,3.21
1611,324,44,0,Standard,L,Q,R407A,PASS,3.23
1612,325,54,0,Standard,L,Q,R407A,PASS,3.15
1613,326,60,0,Standard,L,Q,R407A,FAIL,0
1614,343,30,1,Oversized,L,Q,R407A,PASS,3.23
1615,344,44,1,Oversized,L,Q,R407A,PASS,3.19
1616,345,54,1,Oversized,L,Q,R407A,PASS,3.15
1617,346,60,1,Oversized,L,Q,R407A,FAIL,0
1618,355,60,2,Title 24 Compliant,L,Q,R407A,PASS,3.15
1619,369,30,0,Standard,L,Q,R407A,PASS,3.26
1620,370,44,0,Standard,L,Q,R407A,PASS,3.21
1621,371,54,0,Standard,L,Q,R407A,PASS,3.15
1622,372,60,0,Standard,L,Q,R407A,FAIL,0
1623,389,30,1,Oversized,L,Q,R407A,PASS,3.28
1624,390,44,1,Oversized,L,Q,R407A,PASS,3.18
1625,391,54,1,Oversized,L,Q,R407A,PASS,3.15
1626,392,60,1,Oversized,L,Q,R407A,FAIL,0
1627,401,60,2,Title 24 Compliant,L,Q,R407A,FAIL,0
1628,8,15,0,Standard,L,T,R448A,PASS,3.27
1629,9,22,0,Standard,L,T,R448A,PASS,3.25
1630,10,27,0,Standard,L,T,R448A,PASS,3.25
1631,11,30,0,Standard,L,T,R448A,PASS,3.62
1632,23,15,1,Oversized,L,T,R448A,PASS,3.15
1633,24,22,1,Oversized,L,T,R448A,PASS,3.15
1634,25,27,1,Oversized,L,T,R448A,FAIL,0
1635,26,30,1,Oversized,L,T,R448A,PASS,3.163
1636,37,22,2,Title 24 Compliant,L,T,R448A,PASS,3.28
1637,38,27,2,Title 24 Compliant,L,T,R448A,PASS,3.28
1638,39,30,2,Title 24 Compliant,L,T,R448A,PASS,3.62
1639,50,15,0,Standard,L,T,R448A,PASS,3.32
1640,51,22,0,Standard,L,T,R448A,PASS,3.4
1641,52,27,0,Standard,L,T,R448A,PASS,3.36
1642,53,30,0,Standard,L,T,R448A,PASS,3.58
1643,65,15,1,Oversized,L,T,R448A,PASS,3.58
1644,66,22,1,Oversized,L,T,R448A,PASS,3.26
1645,67,27,1,Oversized,L,T,R448A,PASS,3.29
1646,68,30,1,Oversized,L,T,R448A,PASS,3.47
1647,79,22,2,Title 24 Compliant,L,T,R448A,PASS,3.43
1648,80,27,2,Title 24 Compliant,L,T,R448A,PASS,3.4
1649,81,30,2,Title 24 Compliant,L,T,R448A,PASS,3.52
1650,92,15,0,Standard,L,T,R448A,PASS,3.37
1651,93,22,0,Standard,L,T,R448A,PASS,3.39
1652,94,27,0,Standard,L,T,R448A,PASS,3.32
1653,95,30,0,Standard,L,T,R448A,PASS,3.61
1654,107,15,1,Oversized,L,T,R448A,PASS,3.42
1655,108,22,1,Oversized,L,T,R448A,PASS,3.24
1656,109,27,1,Oversized,L,T,R448A,PASS,3.25
1657,110,30,1,Oversized,L,T,R448A,PASS,3.49
1658,121,22,2,Title 24 Compliant,L,T,R448A,PASS,3.41
1659,122,27,2,Title 24 Compliant,L,T,R448A,PASS,3.35
1660,123,30,2,Title 24 Compliant,L,T,R448A,PASS,3.56
1661,139,30,0,Standard,L,T,R448A,Exempt,0
1662,140,44,0,Standard,L,T,R448A,Exempt,0
1663,141,54,0,Standard,L,T,R448A,Exempt,0
1664,142,60,0,Standard,L,T,R448A,Exempt,0
1665,159,30,1,Oversized,L,T,R448A,Exempt,0
1666,160,44,1,Oversized,L,T,R448A,Exempt,0
1667,161,54,1,Oversized,L,T,R448A,Exempt,0
1668,162,60,1,Oversized,L,T,R448A,Exempt,0
1669,171,60,2,Title 24 Compliant,L,T,R448A,Exempt,0
1670,185,30,0,Standard,L,T,R448A,Exempt,0
1671,186,44,0,Standard,L,T,R448A,Exempt,0
1672,187,54,0,Standard,L,T,R448A,Exempt,0
1673,188,60,0,Standard,L,T,R448A,Exempt,0
1674,205,30,1,Oversized,L,T,R448A,Exempt,0
1675,206,44,1,Oversized,L,T,R448A,Exempt,0
1676,207,54,1,Oversized,L,T,R448A,Exempt,0
1677,208,60,1,Oversized,L,T,R448A,Exempt,0
1678,217,60,2,Title 24 Compliant,L,T,R448A,Exempt,0
1679,231,30,0,Standard,L,T,R448A,Exempt,0
1680,232,44,0,Standard,L,T,R448A,Exempt,0
1681,233,54,0,Standard,L,T,R448A,Exempt,0
1682,234,60,0,Standard,L,T,R448A,Exempt,0
1683,251,30,1,Oversized,L,T,R448A,Exempt,0
1684,252,44,1,Oversized,L,T,R448A,Exempt,0
1685,253,54,1,Oversized,L,T,R448A,Exempt,0
1686,254,60,1,Oversized,L,T,R448A,Exempt,0
1687,263,60,2,Title 24 Compliant,L,T,R448A,Exempt,0
1688,277,30,0,Standard,L,T,R448A,FAIL,0
1689,278,44,0,Standard,L,T,R448A,FAIL,0
1690,279,54,0,Standard,L,T,R448A,FAIL,0
1691,280,60,0,Standard,L,T,R448A,FAIL,0
1692,297,30,1,Oversized,L,T,R448A,FAIL,0
1693,298,44,1,Oversized,L,T,R448A,PASS,3.15
1694,299,54,1,Oversized,L,T,R448A,FAIL,0
1695,300,60,1,Oversized,L,T,R448A,FAIL,0
1696,309,60,2,Title 24 Compliant,L,T,R448A,FAIL,0
1697,323,30,0,Standard,L,T,R448A,PASS,3.21
1698,324,44,0,Standard,L,T,R448A,PASS,3.23
1699,325,54,0,Standard,L,T,R448A,PASS,3.15
1700,326,60,0,Standard,L,T,R448A,PASS,3.4
1701,343,30,1,Oversized,L,T,R448A,PASS,3.23
1702,344,44,1,Oversized,L,T,R448A,PASS,3.19
1703,345,54,1,Oversized,L,T,R448A,PASS,3.15
1704,346,60,1,Oversized,L,T,R448A,FAIL,0
1705,355,60,2,Title 24 Compliant,L,T,R448A,PASS,3.15
1706,369,30,0,Standard,L,T,R448A,PASS,3.26
1707,370,44,0,Standard,L,T,R448A,PASS,3.21
1708,371,54,0,Standard,L,T,R448A,PASS,3.15
1709,372,60,0,Standard,L,T,R448A,FAIL,0
1710,389,30,1,Oversized,L,T,R448A,PASS,3.28
1711,390,44,1,Oversized,L,T,R448A,PASS,3.18
1712,391,54,1,Oversized,L,T,R448A,PASS,3.15
1713,392,60,1,Oversized,L,T,R448A,FAIL,0
1714,401,60,2,Title 24 Compliant,L,T,R448A,FAIL,0
1715,8,15,0,Standard,L,R,R449A,PASS,3.27
1716,9,22,0,Standard,L,R,R449A,PASS,3.25
1717,10,27,0,Standard,L,R,R449A,PASS,3.25
1718,11,30,0,Standard,L,R,R449A,PASS,3.62
1719,23,15,1,Oversized,L,R,R449A,PASS,3.15
1720,24,22,1,Oversized,L,R,R449A,PASS,3.15
1721,25,27,1,Oversized,L,R,R449A,FAIL,0
1722,26,30,1,Oversized,L,R,R449A,PASS,3.163
1723,37,22,2,Title 24 Compliant,L,R,R449A,PASS,3.28
1724,38,27,2,Title 24 Compliant,L,R,R449A,PASS,3.28
1725,39,30,2,Title 24 Compliant,L,R,R449A,PASS,3.62
1726,50,15,0,Standard,L,R,R449A,PASS,3.32
1727,51,22,0,Standard,L,R,R449A,PASS,3.4
1728,52,27,0,Standard,L,R,R449A,PASS,3.36
1729,53,30,0,Standard,L,R,R449A,PASS,3.58
1730,65,15,1,Oversized,L,R,R449A,PASS,3.58
1731,66,22,1,Oversized,L,R,R449A,PASS,3.26
1732,67,27,1,Oversized,L,R,R449A,PASS,3.29
1733,68,30,1,Oversized,L,R,R449A,PASS,3.47
1734,79,22,2,Title 24 Compliant,L,R,R449A,PASS,3.43
1735,80,27,2,Title 24 Compliant,L,R,R449A,PASS,3.4
1736,81,30,2,Title 24 Compliant,L,R,R449A,PASS,3.52
1737,92,15,0,Standard,L,R,R449A,PASS,3.37
1738,93,22,0,Standard,L,R,R449A,PASS,3.39
1739,94,27,0,Standard,L,R,R449A,PASS,3.32
1740,95,30,0,Standard,L,R,R449A,PASS,3.61
1741,107,15,1,Oversized,L,R,R449A,PASS,3.42
1742,108,22,1,Oversized,L,R,R449A,PASS,3.24
1743,109,27,1,Oversized,L,R,R449A,PASS,3.25
1744,110,30,1,Oversized,L,R,R449A,PASS,3.49
1745,121,22,2,Title 24 Compliant,L,R,R449A,PASS,3.41
1746,122,27,2,Title 24 Compliant,L,R,R449A,PASS,3.35
1747,123,30,2,Title 24 Compliant,L,R,R449A,PASS,3.56
1748,139,30,0,Standard,L,R,R449A,Exempt,0
1749,140,44,0,Standard,L,R,R449A,Exempt,0
1750,141,54,0,Standard,L,R,R449A,Exempt,0
1751,142,60,0,Standard,L,R,R449A,Exempt,0
1752,159,30,1,Oversized,L,R,R449A,Exempt,0
1753,160,44,1,Oversized,L,R,R449A,Exempt,0
1754,161,54,1,Oversized,L,R,R449A,Exempt,0
1755,162,60,1,Oversized,L,R,R449A,Exempt,0
1756,171,60,2,Title 24 Compliant,L,R,R449A,Exempt,0
1757,185,30,0,Standard,L,R,R449A,Exempt,0
1758,186,44,0,Standard,L,R,R449A,Exempt,0
1759,187,54,0,Standard,L,R,R449A,Exempt,0
1760,188,60,0,Standard,L,R,R449A,Exempt,0
1761,205,30,1,Oversized,L,R,R449A,Exempt,0
1762,206,44,1,Oversized,L,R,R449A,Exempt,0
1763,207,54,1,Oversized,L,R,R449A,Exempt,0
1764,208,60,1,Oversized,L,R,R449A,Exempt,0
1765,217,60,2,Title 24 Compliant,L,R,R449A,Exempt,0
1766,231,30,0,Standard,L,R,R449A,Exempt,0
1767,232,44,0,Standard,L,R,R449A,Exempt,0
1768,233,54,0,Standard,L,R,R449A,Exempt,0
1769,234,60,0,Standard,L,R,R449A,Exempt,0
1770,251,30,1,Oversized,L,R,R449A,Exempt,0
1771,252,44,1,Oversized,L,R,R449A,Exempt,0
1772,253,54,1,Oversized,L,R,R449A,Exempt,0
1773,254,60,1,Oversized,L,R,R449A,Exempt,0
1774,263,60,2,Title 24 Compliant,L,R,R449A,Exempt,0
1775,277,30,0,Standard,L,R,R449A,FAIL,0
1776,278,44,0,Standard,L,R,R449A,FAIL,0
1777,279,54,0,Standard,L,R,R449A,FAIL,0
1778,280,60,0,Standard,L,R,R449A,FAIL,0
1779,297,30,1,Oversized,L,R,R449A,FAIL,0
1780,298,44,1,Oversized,L,R,R449A,PASS,3.15
1781,299,54,1,Oversized,L,R,R449A,FAIL,0
1782,300,60,1,Oversized,L,R,R449A,FAIL,0
1783,309,60,2,Title 24 Compliant,L,R,R449A,FAIL,0
1784,323,30,0,Standard,L,R,R449A,PASS,3.21
1785,324,44,0,Standard,L,R,R449A,PASS,3.23
1786,325,54,0,Standard,L,R,R449A,PASS,3.15
1787,326,60,0,Standard,L,R,R449A,PASS,3.4
1788,343,30,1,Oversized,L,R,R449A,PASS,3.23
1789,344,44,1,Oversized,L,R,R449A,PASS,3.19
1790,345,54,1,Oversized,L,R,R449A,PASS,3.15
1791,346,60,1,Oversized,L,R,R449A,FAIL,0
1792,355,60,2,Title 24 Compliant,L,R,R449A,PASS,3.15
1793,369,30,0,Standard,L,R,R449A,PASS,3.26
1794,370,44,0,Standard,L,R,R449A,PASS,3.21
1795,371,54,0,Standard,L,R,R449A,PASS,3.15
1796,372,60,0,Standard,L,R,R449A,FAIL,0
1797,389,30,1,Oversized,L,R,R449A,PASS,3.28
1798,390,44,1,Oversized,L,R,R449A,PASS,3.18
1799,391,54,1,Oversized,L,R,R449A,PASS,3.15
1800,392,60,1,Oversized,L,R,R449A,FAIL,0
1801,401,60,2,Title 24 Compliant,L,R,R449A,FAIL,0
1802,8,15,0,Standard,L,F,R407F,PASS,3.27
1803,9,22,0,Standard,L,F,R407F,PASS,3.25
1804,10,27,0,Standard,L,F,R407F,PASS,3.25
1805,11,30,0,Standard,L,F,R407F,PASS,3.62
1806,23,15,1,Oversized,L,F,R407F,PASS,3.15
1807,24,22,1,Oversized,L,F,R407F,PASS,3.15
1808,25,27,1,Oversized,L,F,R407F,PASS,3.15
1809,26,30,1,Oversized,L,F,R407F,PASS,3.235
1810,37,22,2,Title 24 Compliant,L,F,R407F,PASS,3.28
1811,38,27,2,Title 24 Compliant,L,F,R407F,PASS,3.28
1812,39,30,2,Title 24 Compliant,L,F,R407F,PASS,3.62
1813,50,15,0,Standard,L,F,R407F,PASS,3.32
1814,51,22,0,Standard,L,F,R407F,PASS,3.4
1815,52,27,0,Standard,L,F,R407F,PASS,3.36
1816,53,30,0,Standard,L,F,R407F,PASS,3.58
1817,65,15,1,Oversized,L,F,R407F,PASS,3.58
1818,66,22,1,Oversized,L,F,R407F,PASS,3.26
1819,67,27,1,Oversized,L,F,R407F,PASS,3.29
1820,68,30,1,Oversized,L,F,R407F,PASS,3.47
1821,79,22,2,Title 24 Compliant,L,F,R407F,PASS,3.43
1822,80,27,2,Title 24 Compliant,L,F,R407F,PASS,3.4
1823,81,30,2,Title 24 Compliant,L,F,R407F,PASS,3.52
1824,92,15,0,Standard,L,F,R407F,PASS,3.37
1825,93,22,0,Standard,L,F,R407F,PASS,3.39
1826,94,27,0,Standard,L,F,R407F,PASS,3.32
1827,95,30,0,Standard,L,F,R407F,PASS,3.61
1828,107,15,1,Oversized,L,F,R407F,PASS,3.42
1829,108,22,1,Oversized,L,F,R407F,PASS,3.24
1830,109,27,1,Oversized,L,F,R407F,PASS,3.25
1831,110,30,1,Oversized,L,F,R407F,PASS,3.49
1832,121,22,2,Title 24 Compliant,L,F,R407F,PASS,3.41
1833,122,27,2,Title 24 Compliant,L,F,R407F,PASS,3.35
1834,123,30,2,Title 24 Compliant,L,F,R407F,PASS,3.56
1835,139,30,0,Standard,L,F,R407F,Exempt,0
1836,140,44,0,Standard,L,F,R407F,Exempt,0
1837,141,54,0,Standard,L,F,R407F,Exempt,0
1838,142,60,0,Standard,L,F,R407F,Exempt,0
1839,159,30,1,Oversized,L,F,R407F,Exempt,0
1840,160,44,1,Oversized,L,F,R407F,Exempt,0
1841,161,54,1,Oversized,L,F,R407F,Exempt,0
1842,162,60,1,Oversized,L,F,R407F,Exempt,0
1843,171,60,2,Title 24 Compliant,L,F,R407F,Exempt,0
1844,185,30,0,Standard,L,F,R407F,Exempt,0
1845,186,44,0,Standard,L,F,R407F,Exempt,0
1846,187,54,0,Standard,L,F,R407F,Exempt,0
1847,188,60,0,Standard,L,F,R407F,Exempt,0
1848,205,30,1,Oversized,L,F,R407F,Exempt,0
1849,206,44,1,Oversized,L,F,R407F,Exempt,0
1850,207,54,1,Oversized,L,F,R407F,Exempt,0
1851,208,60,1,Oversized,L,F,R407F,Exempt,0
1852,217,60,2,Title 24 Compliant,L,F,R407F,Exempt,0
1853,231,30,0,Standard,L,F,R407F,Exempt,0
1854,232,44,0,Standard,L,F,R407F,Exempt,0
1855,233,54,0,Standard,L,F,R407F,Exempt,0
1856,234,60,0,Standard,L,F,R407F,Exempt,0
1857,251,30,1,Oversized,L,F,R407F,Exempt,0
1858,252,44,1,Oversized,L,F,R407F,Exempt,0
1859,253,54,1,Oversized,L,F,R407F,Exempt,0
1860,254,60,1,Oversized,L,F,R407F,Exempt,0
1861,263,60,2,Title 24 Compliant,L,F,R407F,Exempt,0
1862,277,30,0,Standard,L,F,R407F,PASS,3.15
1863,278,44,0,Standard,L,F,R407F,PASS,3.15
1864,279,54,0,Standard,L,F,R407F,FAIL,0
1865,280,60,0,Standard,L,F,R407F,FAIL,0
1866,297,30,1,Oversized,L,F,R407F,FAIL,0
1867,298,44,1,Oversized,L,F,R407F,PASS,3.15
1868,299,54,1,Oversized,L,F,R407F,FAIL,0
1869,300,60,1,Oversized,L,F,R407F,FAIL,0
1870,309,60,2,Title 24 Compliant,L,F,R407F,FAIL,0
1871,323,30,0,Standard,L,F,R407F,PASS,3.21
1872,324,44,0,Standard,L,F,R407F,PASS,3.23
1873,325,54,0,Standard,L,F,R407F,PASS,3.15
1874,326,60,0,Standard,L,F,R407F,FAIL,0
1875,343,30,1,Oversized,L,F,R407F,PASS,3.23
1876,344,44,1,Oversized,L,F,R407F,PASS,3.19
1877,345,54,1,Oversized,L,F,R407F,PASS,3.15
1878,346,60,1,Oversized,L,F,R407F,FAIL,0
1879,355,60,2,Title 24 Compliant,L,F,R407F,PASS,3.15
1880,369,30,0,Standard,L,F,R407F,PASS,3.26
1881,370,44,0,Standard,L,F,R407F,PASS,3.21
1882,371,54,0,Standard,L,F,R407F,PASS,3.15
1883,372,60,0,Standard,L,F,R407F,FAIL,0
1884,389,30,1,Oversized,L,F,R407F,PASS,3.28
1885,390,44,1,Oversized,L,F,R407F,PASS,3.18
1886,391,54,1,Oversized,L,F,R407F,PASS,3.15
1887,392,60,1,Oversized,L,F,R407F,FAIL,0
1888,401,60,2,Title 24 Compliant,L,F,R407F,FAIL,0
1889,403,5,NULL,NULL,L,S,R404A,Exempt,0
1890,404,7,NULL,NULL,L,S,R404A,Exempt,0
1891,405,10,NULL,NULL,L,S,R404A,Exempt,0
1892,406,15,NULL,NULL,L,S,R404A,Exempt,0
1893,407,20,NULL,NULL,L,S,R404A,Exempt,0
1894,408,25,NULL,NULL,L,S,R404A,Exempt,0
1895,409,7,NULL,NULL,M,S,R404A,Exempt,0
1896,410,10,NULL,NULL,M,S,R404A,Exempt,0
1897,411,20,NULL,NULL,M,S,R404A,Exempt,0
1898,412,20,NULL,NULL,M,S,R404A,Exempt,0
1899,413,30,NULL,NULL,M,S,R404A,Exempt,0
1900,414,50,NULL,NULL,M,S,R404A,Exempt,0
1901,415,50,NULL,NULL,M,S,R404A,Exempt,0
1902,416,75,NULL,NULL,M,S,R404A,Exempt,0
1903,417,75,NULL,NULL,M,S,R404A,Exempt,0
1904,418,75,NULL,NULL,M,S,R404A,Exempt,0
1905,419,100,NULL,NULL,M,S,R404A,Exempt,0
1906,420,120,NULL,NULL,M,S,R404A,Exempt,0
1907,421,150,NULL,NULL,M,S,R404A,Exempt,0
1908,422,30,NULL,NULL,L,S,R404A,Exempt,0
1909,423,40,NULL,NULL,L,S,R404A,Exempt,0
1910,424,60,NULL,NULL,L,S,R404A,Exempt,0
1911,425,60,NULL,NULL,L,S,R404A,Exempt,0
1912,426,75,NULL,NULL,L,S,R404A,Exempt,0
1913,427,90,NULL,NULL,L,S,R404A,Exempt,0
1914,428,100,NULL,NULL,L,S,R404A,Exempt,0
1915,429,150,NULL,NULL,L,S,R404A,Exempt,0
1916,430,220,NULL,NULL,L,S,R404A,Exempt,0
1917,431,50,NULL,NULL,M,Q,R407A,Exempt,0
1918,432,50,NULL,NULL,M,Q,R407A,Exempt,0
1919,433,75,NULL,NULL,M,Q,R407A,Exempt,0
1920,434,75,NULL,NULL,M,Q,R407A,Exempt,0
1921,435,75,NULL,NULL,M,Q,R407A,Exempt,0
1922,436,100,NULL,NULL,M,Q,R407A,Exempt,0
1923,437,120,NULL,NULL,M,Q,R407A,Exempt,0
1924,438,150,NULL,NULL,M,Q,R407A,Exempt,0
1925,439,30,NULL,NULL,L,Q,R407A,Exempt,0
1926,440,40,NULL,NULL,L,Q,R407A,Exempt,0
1927,441,60,NULL,NULL,L,Q,R407A,Exempt,0
1928,442,60,NULL,NULL,L,Q,R407A,Exempt,0
1929,443,75,NULL,NULL,L,Q,R407A,Exempt,0
1930,444,90,NULL,NULL,L,Q,R407A,Exempt,0
1931,445,100,NULL,NULL,L,Q,R407A,Exempt,0
1932,446,150,NULL,NULL,L,Q,R407A,Exempt,0
1933,447,220,NULL,NULL,L,Q,R407A,Exempt,0
1934,448,20,NULL,NULL,M,S,R404A,Exempt,0
1935,449,25,NULL,NULL,M,S,R404A,Exempt,0
1936,450,30,NULL,NULL,M,S,R404A,Exempt,0
1937,451,35,NULL,NULL,M,S,R404A,Exempt,0
1938,452,40,NULL,NULL,M,S,R404A,Exempt,0
1939,453,50,NULL,NULL,M,S,R404A,Exempt,0
1940,454,60,NULL,NULL,M,S,R404A,Exempt,0
1941,455,75,NULL,NULL,M,S,R404A,Exempt,0
1942,456,100,NULL,NULL,M,S,R404A,Exempt,0
1943,457,130,NULL,NULL,M,S,R404A,Exempt,0
1944,458,150,NULL,NULL,M,S,R404A,Exempt,0
1945,459,20,NULL,NULL,L,S,R404A,Exempt,0
1946,460,25,NULL,NULL,L,S,R404A,Exempt,0
1947,461,30,NULL,NULL,L,S,R404A,Exempt,0
1948,462,35,NULL,NULL,L,S,R404A,Exempt,0
1949,463,40,NULL,NULL,L,S,R404A,Exempt,0
1950,464,50,NULL,NULL,L,S,R404A,Exempt,0
1951,465,60,NULL,NULL,L,S,R404A,Exempt,0
1952,466,75,NULL,NULL,L,S,R404A,Exempt,0
1953,467,100,NULL,NULL,L,S,R404A,Exempt,0
1954,468,20,NULL,NULL,M,Q,R407A,Exempt,0
1955,469,25,NULL,NULL,M,Q,R407A,Exempt,0
1956,470,30,NULL,NULL,M,Q,R407A,Exempt,0
1957,471,35,NULL,NULL,M,Q,R407A,Exempt,0
1958,472,40,NULL,NULL,M,Q,R407A,Exempt,0
1959,473,50,NULL,NULL,M,Q,R407A,Exempt,0
1960,474,60,NULL,NULL,M,Q,R407A,Exempt,0
1961,475,75,NULL,NULL,M,Q,R407A,Exempt,0
1962,476,100,NULL,NULL,M,Q,R407A,Exempt,0
1963,477,130,NULL,NULL,M,Q,R407A,Exempt,0
1964,478,150,NULL,NULL,M,Q,R407A,Exempt,0
1965,479,20,NULL,NULL,L,Q,R407A,Exempt,0
1966,480,25,NULL,NULL,L,Q,R407A,Exempt,0
1967,481,30,NULL,NULL,L,Q,R407A,Exempt,0
1968,482,35,NULL,NULL,L,Q,R407A,Exempt,0
1969,483,40,NULL,NULL,L,Q,R407A,Exempt,0
1970,484,50,NULL,NULL,L,Q,R407A,Exempt,0
1971,485,60,NULL,NULL,L,Q,R407A,Exempt,0
1972,486,75,NULL,NULL,L,Q,R407A,Exempt,0
1973,487,100,NULL,NULL,L,Q,R407A,Exempt,0
1974,488,5,NULL,NULL,M,S,R404A,Exempt,0
1975,489,7,NULL,NULL,M,S,R404A,Exempt,0
1976,490,10,NULL,NULL,M,S,R404A,Exempt,0
1977,491,15,NULL,NULL,M,S,R404A,Exempt,0
1978,492,20,NULL,NULL,M,S,R404A,Exempt,0
1979,493,22,NULL,NULL,M,S,R404A,Exempt,0
1980,494,30,NULL,NULL,M,S,R404A,Exempt,0
1981,495,40,NULL,NULL,M,S,R404A,Exempt,0
1982,496,50,NULL,NULL,M,S,R404A,Exempt,0
1983,497,60,NULL,NULL,M,S,R404A,Exempt,0
1984,498,65,NULL,NULL,M,S,R404A,Exempt,0
1985,499,70,NULL,NULL,M,S,R404A,Exempt,0
1986,500,90,NULL,NULL,M,S,R404A,Exempt,0
1987,501,100,NULL,NULL,M,S,R404A,Exempt,0
1988,502,120,NULL,NULL,M,S,R404A,Exempt,0
1989,503,5,NULL,NULL,L,S,R404A,Exempt,0
1990,504,7,NULL,NULL,L,S,R404A,Exempt,0
1991,505,10,NULL,NULL,L,S,R404A,Exempt,0
1992,506,15,NULL,NULL,L,S,R404A,Exempt,0
1993,507,20,NULL,NULL,L,S,R404A,Exempt,0
1994,508,22,NULL,NULL,L,S,R404A,Exempt,0
1995,509,30,NULL,NULL,L,S,R404A,Exempt,0
1996,510,40,NULL,NULL,L,S,R404A,Exempt,0
1997,511,50,NULL,NULL,L,S,R404A,Exempt,0
1998,512,60,NULL,NULL,L,S,R404A,Exempt,0
1999,513,65,NULL,NULL,L,S,R404A,Exempt,0
2000,514,70,NULL,NULL,L,S,R404A,Exempt,0
2001,515,90,NULL,NULL,L,S,R404A,Exempt,0
2002,516,100,NULL,NULL,L,S,R404A,Exempt,0
2003,517,120,NULL,NULL,L,S,R404A,Exempt,0
2004,518,140,NULL,NULL,L,S,R404A,Exempt,0
2005,519,160,NULL,NULL,L,S,R404A,Exempt,0
2006,520,5,NULL,NULL,M,Q,R407A,Exempt,0
2007,521,7,NULL,NULL,M,Q,R407A,Exempt,0
2008,522,10,NULL,NULL,M,Q,R407A,Exempt,0
2009,523,15,NULL,NULL,M,Q,R407A,Exempt,0
2010,524,20,NULL,NULL,M,Q,R407A,Exempt,0
2011,525,22,NULL,NULL,M,Q,R407A,Exempt,0
2012,526,30,NULL,NULL,M,Q,R407A,Exempt,0
2013,527,40,NULL,NULL,M,Q,R407A,Exempt,0
2014,528,50,NULL,NULL,M,Q,R407A,Exempt,0
2015,529,60,NULL,NULL,M,Q,R407A,Exempt,0
2016,530,65,NULL,NULL,M,Q,R407A,Exempt,0
2017,531,70,NULL,NULL,M,Q,R407A,Exempt,0
2018,532,90,NULL,NULL,M,Q,R407A,Exempt,0
2019,533,100,NULL,NULL,M,Q,R407A,Exempt,0
2020,534,120,NULL,NULL,M,Q,R407A,Exempt,0
2021,535,5,NULL,NULL,L,Q,R407A,Exempt,0
2022,536,7,NULL,NULL,L,Q,R407A,Exempt,0
2023,537,10,NULL,NULL,L,Q,R407A,Exempt,0
2024,538,15,NULL,NULL,L,Q,R407A,Exempt,0
2025,539,20,NULL,NULL,L,Q,R407A,Exempt,0
2026,540,22,NULL,NULL,L,Q,R407A,Exempt,0
2027,541,30,NULL,NULL,L,Q,R407A,Exempt,0
2028,542,40,NULL,NULL,L,Q,R407A,Exempt,0
2029,543,50,NULL,NULL,L,Q,R407A,Exempt,0
2030,544,60,NULL,NULL,L,Q,R407A,Exempt,0
2031,545,65,NULL,NULL,L,Q,R407A,Exempt,0
2032,546,70,NULL,NULL,L,Q,R407A,Exempt,0
2033,547,90,NULL,NULL,L,Q,R407A,Exempt,0
2034,548,100,NULL,NULL,L,Q,R407A,Exempt,0
2035,549,120,NULL,NULL,L,Q,R407A,Exempt,0
2036,550,140,NULL,NULL,L,Q,R407A,Exempt,0
2037,551,160,NULL,NULL,L,Q,R407A,Exempt,0
2038,402,60,2,Title 24 Compliant,M,Q,R407A,FAIL,0
2039,402,60,2,Title 24 Compliant,M,T,R448A,FAIL,0
2040,402,60,2,Title 24 Compliant,M,R,R449A,FAIL,0
2041,402,60,2,Title 24 Compliant,M,F,R407F,FAIL,0
